fy,fund,agency,source,interfund_trans,from_fund,source_name.x,receipts,data_source,fund_name,agency_name,fund_cat,fund_cat_name.x,fund_ab,fund_ioc,fund_re,a_end,in_ff,fund_name_ab,fund_category,fund_cat_name.y,in_ff_rev,in_ff_exp,revenuesource,total,source_name_AWM,source_name.y,source_name_formula,rev_type,rev_type_name,amnesty,local,type_assigned,source_flag
1998,0477,275,0572,0,.,CONTRIBUTIONS BY EMPLOYEE,11470507.3,rev IOC 13.08.02,NA,NA,NA,NA,0477,0477,0,NA,0,JUDGES RETIREMENT SYSTEM,I,State Trust Funds,0,0,NA,NA,CONTRIBUTIONS BY EMPLOYEE,CONTRIBUTIONS BY EMPLOYEE,CONTRIBUTIONS BY EMPLOYEE,51,.,NA,NA,NA,NA
1999,0477,275,0572,0,.,CONTRIBUTIONS BY EMPLOYEE,11272492.13,rev_IOC 13.08.02,NA,NA,NA,NA,0477,0477,0,NA,0,JUDGES RETIREMENT SYSTEM,I,State Trust Funds,0,0,NA,NA,CONTRIBUTIONS BY EMPLOYEE,CONTRIBUTIONS BY EMPLOYEE,CONTRIBUTIONS BY EMPLOYEE,51,.,NA,NA,NA,NA
2000,0477,275,0572,0,.,CONTRIBUTIONS BY EMPLOYEE,11791323.12,rev IOC 13.08.02,NA,NA,NA,NA,0477,0477,0,NA,0,JUDGES RETIREMENT SYSTEM,I,State Trust Funds,0,0,NA,NA,CONTRIBUTIONS BY EMPLOYEE,CONTRIBUTIONS BY EMPLOYEE,CONTRIBUTIONS BY EMPLOYEE,51,.,NA,NA,NA,NA
2001,0477,275,0572,0,.,CONTRIBUTIONS BY EMPLOYEE,12068380.92,rev IOC 13.08.02,NA,NA,NA,NA,0477,0477,0,NA,0,JUDGES RETIREMENT SYSTEM,I,State Trust Funds,0,0,NA,NA,CONTRIBUTIONS BY EMPLOYEE,CONTRIBUTIONS BY EMPLOYEE,CONTRIBUTIONS BY EMPLOYEE,51,.,NA,NA,NA,NA
2002,0477,275,0572,0,.,CONTRIBUTIONS BY EMPLOYEE,12462296.82,rev IOC 13.08.02,NA,NA,NA,NA,0477,0477,0,NA,0,JUDGES RETIREMENT SYSTEM,I,State Trust Funds,0,0,NA,NA,CONTRIBUTIONS BY EMPLOYEE,CONTRIBUTIONS BY EMPLOYEE,CONTRIBUTIONS BY EMPLOYEE,51,.,NA,NA,NA,NA
2003,0477,275,0572,0,.,CONTRIBUTIONS BY EMPLOYEE,12779041.49,rev IOC 13.08.02,NA,NA,NA,NA,0477,0477,0,NA,0,JUDGES RETIREMENT SYSTEM,I,State Trust Funds,0,0,NA,NA,CONTRIBUTIONS BY EMPLOYEE,CONTRIBUTIONS BY EMPLOYEE,CONTRIBUTIONS BY EMPLOYEE,51,.,NA,NA,NA,NA
2004,0477,275,0572,0,.,CONTRIBUTIONS BY EMPLOYEE,13768358.8,rev IOC 13.08.02,NA,NA,NA,NA,0477,0477,0,NA,0,JUDGES RETIREMENT SYSTEM,I,State Trust Funds,0,0,NA,NA,CONTRIBUTIONS BY EMPLOYEE,CONTRIBUTIONS BY EMPLOYEE,CONTRIBUTIONS BY EMPLOYEE,51,.,NA,NA,NA,NA
2005,0477,275,0572,0,.,CONTRIBUTIONS BY EMPLOYEE,13309898.46,rev IOC 13.08.02,NA,NA,NA,NA,0477,0477,0,NA,0,JUDGES RETIREMENT SYSTEM,I,State Trust Funds,0,0,NA,NA,CONTRIBUTIONS BY EMPLOYEE,CONTRIBUTIONS BY EMPLOYEE,CONTRIBUTIONS BY EMPLOYEE,51,.,NA,NA,NA,NA
2006,0477,275,0572,0,.,CONTRIBUTIONS BY EMPLOYEE,13851335.11,rev IOC 13.08.02,NA,NA,NA,NA,0477,0477,0,NA,0,JUDGES RETIREMENT SYSTEM,I,State Trust Funds,0,0,NA,NA,CONTRIBUTIONS BY EMPLOYEE,CONTRIBUTIONS BY EMPLOYEE,CONTRIBUTIONS BY EMPLOYEE,51,.,NA,NA,NA,NA
2007,0477,275,0572,0,9999,CONTRIBUTIONS BY EMPLOYEE,14131734.05,rev IOC 13.08.02,NA,NA,NA,NA,0477,0477,0,NA,0,JUDGES RETIREMENT SYSTEM,I,State Trust Funds,0,0,NA,NA,CONTRIBUTIONS BY EMPLOYEE,CONTRIBUTIONS BY EMPLOYEE,CONTRIBUTIONS BY EMPLOYEE,51,.,NA,NA,NA,NA
2008,0477,275,0572,0,9999,CONTRIBUTIONS BY EMPLOYEE,15367920.38,rev IOC 13.08.02,NA,NA,NA,NA,0477,0477,0,NA,0,JUDGES RETIREMENT SYSTEM,I,State Trust Funds,0,0,NA,NA,CONTRIBUTIONS BY EMPLOYEE,CONTRIBUTIONS BY EMPLOYEE,CONTRIBUTIONS BY EMPLOYEE,51,.,NA,NA,NA,NA
2009,0477,275,0572,0,9999,CONTRIBUTIONS BY EMPLOYEE,15634304.67,rev IOC 13.08.02,NA,NA,NA,NA,0477,0477,0,NA,0,JUDGES RETIREMENT SYSTEM,I,State Trust Funds,0,0,NA,NA,CONTRIBUTIONS BY EMPLOYEE,CONTRIBUTIONS BY EMPLOYEE,CONTRIBUTIONS BY EMPLOYEE,51,.,NA,NA,NA,NA
2010,0477,275,0572,0,9999,CONTRIBUTIONS BY EMPLOYEE,16001663.09,rev IOC 13.08.02,NA,NA,NA,NA,0477,0477,0,NA,0,JUDGES RETIREMENT SYSTEM,I,State Trust Funds,0,0,NA,NA,CONTRIBUTIONS BY EMPLOYEE,CONTRIBUTIONS BY EMPLOYEE,CONTRIBUTIONS BY EMPLOYEE,51,.,NA,NA,NA,NA
2011,0477,275,0572,0,9999,CONTRIBUTIONS BY EMPLOYEE,13505569.76,rev IOC 13.08.02,NA,NA,NA,NA,0477,0477,0,NA,0,JUDGES RETIREMENT SYSTEM,I,State Trust Funds,0,0,NA,NA,CONTRIBUTIONS BY EMPLOYEE,CONTRIBUTIONS BY EMPLOYEE,CONTRIBUTIONS BY EMPLOYEE,51,.,NA,NA,NA,NA
1998,0479,589,0573,0,.,CURRENT YR/EMPLOYEE,12324616.61,rev IOC 13.08.02,NA,NA,NA,NA,0479,0479,0,NA,0,STATE EMPLOYEES RETIREMENT SYS,I,State Trust Funds,0,0,NA,NA,CURRENT YR/EMPLOYEE,CURRENT YR/EMPLOYEE,CURRENT YR/EMPLOYEE,51,.,NA,NA,NA,NA
1998,0481,131,0573,0,.,CURRENT YR/EMPLOYEE,1309115.21,rev IOC 13.08.02,NA,NA,NA,NA,0481,0481,0,NA,0,GENERAL ASSEMBLY RETIREMENT,I,State Trust Funds,0,0,NA,NA,CURRENT YR/EMPLOYEE,CURRENT YR/EMPLOYEE,CURRENT YR/EMPLOYEE,51,.,NA,NA,NA,NA
1999,0479,589,0573,0,.,CURRENT YR/EMPLOYEE,11038255.66,rev_IOC 13.08.02,NA,NA,NA,NA,0479,0479,0,NA,0,STATE EMPLOYEES RETIREMENT SYS,I,State Trust Funds,0,0,NA,NA,CURRENT YR/EMPLOYEE,CURRENT YR/EMPLOYEE,CURRENT YR/EMPLOYEE,51,.,NA,NA,NA,NA
1999,0481,131,0573,0,.,CURRENT YR/EMPLOYEE,1339281.27,rev_IOC 13.08.02,NA,NA,NA,NA,0481,0481,0,NA,0,GENERAL ASSEMBLY RETIREMENT,I,State Trust Funds,0,0,NA,NA,CURRENT YR/EMPLOYEE,CURRENT YR/EMPLOYEE,CURRENT YR/EMPLOYEE,51,.,NA,NA,NA,NA
2000,0479,589,0573,0,.,CURRENT YR/EMPLOYEE,10582001.77,rev IOC 13.08.02,NA,NA,NA,NA,0479,0479,0,NA,0,STATE EMPLOYEES RETIREMENT SYS,I,State Trust Funds,0,0,NA,NA,CURRENT YR/EMPLOYEE,CURRENT YR/EMPLOYEE,CURRENT YR/EMPLOYEE,51,.,NA,NA,NA,NA
2000,0481,131,0573,0,.,CURRENT YR/EMPLOYEE,1317541.89,rev IOC 13.08.02,NA,NA,NA,NA,0481,0481,0,NA,0,GENERAL ASSEMBLY RETIREMENT,I,State Trust Funds,0,0,NA,NA,CURRENT YR/EMPLOYEE,CURRENT YR/EMPLOYEE,CURRENT YR/EMPLOYEE,51,.,NA,NA,NA,NA
2001,0479,589,0573,0,.,CURRENT YR/EMPLOYEE,11007433.12,rev IOC 13.08.02,NA,NA,NA,NA,0479,0479,0,NA,0,STATE EMPLOYEES RETIREMENT SYS,I,State Trust Funds,0,0,NA,NA,CURRENT YR/EMPLOYEE,CURRENT YR/EMPLOYEE,CURRENT YR/EMPLOYEE,51,.,NA,NA,NA,NA
2001,0481,131,0573,0,.,CURRENT YR/EMPLOYEE,1383518.81,rev IOC 13.08.02,NA,NA,NA,NA,0481,0481,0,NA,0,GENERAL ASSEMBLY RETIREMENT,I,State Trust Funds,0,0,NA,NA,CURRENT YR/EMPLOYEE,CURRENT YR/EMPLOYEE,CURRENT YR/EMPLOYEE,51,.,NA,NA,NA,NA
2002,0479,589,0573,0,.,CURRENT YR/EMPLOYEE,17536823.32,rev IOC 13.08.02,NA,NA,NA,NA,0479,0479,0,NA,0,STATE EMPLOYEES RETIREMENT SYS,I,State Trust Funds,0,0,NA,NA,CURRENT YR/EMPLOYEE,CURRENT YR/EMPLOYEE,CURRENT YR/EMPLOYEE,51,.,NA,NA,NA,NA
2002,0481,131,0573,0,.,CURRENT YR/EMPLOYEE,1442568.42,rev IOC 13.08.02,NA,NA,NA,NA,0481,0481,0,NA,0,GENERAL ASSEMBLY RETIREMENT,I,State Trust Funds,0,0,NA,NA,CURRENT YR/EMPLOYEE,CURRENT YR/EMPLOYEE,CURRENT YR/EMPLOYEE,51,.,NA,NA,NA,NA
2003,0479,589,0573,0,.,CURRENT YR/EMPLOYEE,26808360.07,rev IOC 13.08.02,NA,NA,NA,NA,0479,0479,0,NA,0,STATE EMPLOYEES RETIREMENT SYS,I,State Trust Funds,0,0,NA,NA,CURRENT YR/EMPLOYEE,CURRENT YR/EMPLOYEE,CURRENT YR/EMPLOYEE,51,.,NA,NA,NA,NA
2003,0481,131,0573,0,.,CURRENT YR/EMPLOYEE,1611499.19,rev IOC 13.08.02,NA,NA,NA,NA,0481,0481,0,NA,0,GENERAL ASSEMBLY RETIREMENT,I,State Trust Funds,0,0,NA,NA,CURRENT YR/EMPLOYEE,CURRENT YR/EMPLOYEE,CURRENT YR/EMPLOYEE,51,.,NA,NA,NA,NA
2004,0479,589,0573,0,.,CURRENT YR/EMPLOYEE,67411440.27,rev IOC 13.08.02,NA,NA,NA,NA,0479,0479,0,NA,0,STATE EMPLOYEES RETIREMENT SYS,I,State Trust Funds,0,0,NA,NA,CURRENT YR/EMPLOYEE,CURRENT YR/EMPLOYEE,CURRENT YR/EMPLOYEE,51,.,NA,NA,NA,NA
2004,0481,131,0573,0,.,CURRENT YR/EMPLOYEE,1469252.62,rev IOC 13.08.02,NA,NA,NA,NA,0481,0481,0,NA,0,GENERAL ASSEMBLY RETIREMENT,I,State Trust Funds,0,0,NA,NA,CURRENT YR/EMPLOYEE,CURRENT YR/EMPLOYEE,CURRENT YR/EMPLOYEE,51,.,NA,NA,NA,NA
2005,0479,589,0573,0,.,CURRENT YR/EMPLOYEE,100433061.83,rev IOC 13.08.02,NA,NA,NA,NA,0479,0479,0,NA,0,STATE EMPLOYEES RETIREMENT SYS,I,State Trust Funds,0,0,NA,NA,CURRENT YR/EMPLOYEE,CURRENT YR/EMPLOYEE,CURRENT YR/EMPLOYEE,51,.,NA,NA,NA,NA
2005,0481,131,0573,0,.,CURRENT YR/EMPLOYEE,1432526.96,rev IOC 13.08.02,NA,NA,NA,NA,0481,0481,0,NA,0,GENERAL ASSEMBLY RETIREMENT,I,State Trust Funds,0,0,NA,NA,CURRENT YR/EMPLOYEE,CURRENT YR/EMPLOYEE,CURRENT YR/EMPLOYEE,51,.,NA,NA,NA,NA
2006,0479,589,0573,0,.,CURRENT YR/EMPLOYEE,157142517.15,rev IOC 13.08.02,NA,NA,NA,NA,0479,0479,0,NA,0,STATE EMPLOYEES RETIREMENT SYS,I,State Trust Funds,0,0,NA,NA,CURRENT YR/EMPLOYEE,CURRENT YR/EMPLOYEE,CURRENT YR/EMPLOYEE,51,.,NA,NA,NA,NA
2006,0481,131,0573,0,.,CURRENT YR/EMPLOYEE,1448971.09,rev IOC 13.08.02,NA,NA,NA,NA,0481,0481,0,NA,0,GENERAL ASSEMBLY RETIREMENT,I,State Trust Funds,0,0,NA,NA,CURRENT YR/EMPLOYEE,CURRENT YR/EMPLOYEE,CURRENT YR/EMPLOYEE,51,.,NA,NA,NA,NA
2007,0479,589,0573,0,9999,CURRENT YR/EMPLOYEE,199754248.7,rev IOC 13.08.02,NA,NA,NA,NA,0479,0479,0,NA,0,STATE EMPLOYEES RETIREMENT SYS,I,State Trust Funds,0,0,NA,NA,CURRENT YR/EMPLOYEE,CURRENT YR/EMPLOYEE,CURRENT YR/EMPLOYEE,51,.,NA,NA,NA,NA
2007,0481,131,0573,0,9999,CURRENT YR/EMPLOYEE,1550362.24,rev IOC 13.08.02,NA,NA,NA,NA,0481,0481,0,NA,0,GENERAL ASSEMBLY RETIREMENT,I,State Trust Funds,0,0,NA,NA,CURRENT YR/EMPLOYEE,CURRENT YR/EMPLOYEE,CURRENT YR/EMPLOYEE,51,.,NA,NA,NA,NA
2008,0479,589,0573,0,9999,CURRENT YR/EMPLOYEE,215449280.93,rev IOC 13.08.02,NA,NA,NA,NA,0479,0479,0,NA,0,STATE EMPLOYEES RETIREMENT SYS,I,State Trust Funds,0,0,NA,NA,CURRENT YR/EMPLOYEE,CURRENT YR/EMPLOYEE,CURRENT YR/EMPLOYEE,51,.,NA,NA,NA,NA
2008,0481,131,0573,0,9999,CURRENT YR/EMPLOYEE,1710630.13,rev IOC 13.08.02,NA,NA,NA,NA,0481,0481,0,NA,0,GENERAL ASSEMBLY RETIREMENT,I,State Trust Funds,0,0,NA,NA,CURRENT YR/EMPLOYEE,CURRENT YR/EMPLOYEE,CURRENT YR/EMPLOYEE,51,.,NA,NA,NA,NA
2009,0479,589,0573,0,9999,CURRENT YR/EMPLOYEE,218426427.79,rev IOC 13.08.02,NA,NA,NA,NA,0479,0479,0,NA,0,STATE EMPLOYEES RETIREMENT SYS,I,State Trust Funds,0,0,NA,NA,CURRENT YR/EMPLOYEE,CURRENT YR/EMPLOYEE,CURRENT YR/EMPLOYEE,51,.,NA,NA,NA,NA
2009,0481,131,0573,0,9999,CURRENT YR/EMPLOYEE,1733604.22,rev IOC 13.08.02,NA,NA,NA,NA,0481,0481,0,NA,0,GENERAL ASSEMBLY RETIREMENT,I,State Trust Funds,0,0,NA,NA,CURRENT YR/EMPLOYEE,CURRENT YR/EMPLOYEE,CURRENT YR/EMPLOYEE,51,.,NA,NA,NA,NA
2010,0479,589,0573,0,9999,CURRENT YR/EMPLOYEE,221768892.13,rev IOC 13.08.02,NA,NA,NA,NA,0479,0479,0,NA,0,STATE EMPLOYEES RETIREMENT SYS,I,State Trust Funds,0,0,NA,NA,CURRENT YR/EMPLOYEE,CURRENT YR/EMPLOYEE,CURRENT YR/EMPLOYEE,51,.,NA,NA,NA,NA
2010,0481,131,0573,0,9999,CURRENT YR/EMPLOYEE,1627309.75,rev IOC 13.08.02,NA,NA,NA,NA,0481,0481,0,NA,0,GENERAL ASSEMBLY RETIREMENT,I,State Trust Funds,0,0,NA,NA,CURRENT YR/EMPLOYEE,CURRENT YR/EMPLOYEE,CURRENT YR/EMPLOYEE,51,.,NA,NA,NA,NA
2011,0477,275,0573,0,9999,CURRENT YR/EMPLOYEE,2691542.91,rev IOC 13.08.02,NA,NA,NA,NA,0477,0477,0,NA,0,JUDGES RETIREMENT SYSTEM,I,State Trust Funds,0,0,NA,NA,CURRENT YR/EMPLOYEE,CURRENT YR/EMPLOYEE,CURRENT YR/EMPLOYEE,51,.,NA,NA,NA,NA
2011,0479,589,0573,0,9999,CURRENT YR/EMPLOYEE,229095712.27,rev IOC 13.08.02,NA,NA,NA,NA,0479,0479,0,NA,0,STATE EMPLOYEES RETIREMENT SYS,I,State Trust Funds,0,0,NA,NA,CURRENT YR/EMPLOYEE,CURRENT YR/EMPLOYEE,CURRENT YR/EMPLOYEE,51,.,NA,NA,NA,NA
2011,0481,131,0573,0,9999,CURRENT YR/EMPLOYEE,1714513.82,rev IOC 13.08.02,NA,NA,NA,NA,0481,0481,0,NA,0,GENERAL ASSEMBLY RETIREMENT,I,State Trust Funds,0,0,NA,NA,CURRENT YR/EMPLOYEE,CURRENT YR/EMPLOYEE,CURRENT YR/EMPLOYEE,51,.,NA,NA,NA,NA
2012,0477,275,0573,0,9999,CURRENT YR/EMPLOYEE,16380021.03,rev IOC 13.08.02,NA,NA,NA,NA,0477,0477,0,NA,0,JUDGES RETIREMENT SYSTEM,I,State Trust Funds,0,0,NA,NA,CURRENT YR/EMPLOYEE,CURRENT YR/EMPLOYEE,CURRENT YR/EMPLOYEE,51,.,NA,NA,NA,NA
2012,0479,589,0573,0,9999,CURRENT YR/EMPLOYEE,231923006.53,rev IOC 13.08.02,NA,NA,NA,NA,0479,0479,0,NA,0,STATE EMPLOYEES RETIREMENT SYS,I,State Trust Funds,0,0,NA,NA,CURRENT YR/EMPLOYEE,CURRENT YR/EMPLOYEE,CURRENT YR/EMPLOYEE,51,.,NA,NA,NA,NA
2012,0481,131,0573,0,9999,CURRENT YR/EMPLOYEE,1573080.71,rev IOC 13.08.02,NA,NA,NA,NA,0481,0481,0,NA,0,GENERAL ASSEMBLY RETIREMENT,I,State Trust Funds,0,0,NA,NA,CURRENT YR/EMPLOYEE,CURRENT YR/EMPLOYEE,CURRENT YR/EMPLOYEE,51,.,NA,NA,NA,NA
2013,0477,275,0573,0,9999,CURRENT YR/EMPLOYEE,15966147.36,rev IOC 13.08.02,NA,NA,NA,NA,0477,0477,0,NA,0,JUDGES RETIREMENT SYSTEM,I,State Trust Funds,0,0,NA,NA,CURRENT YR/EMPLOYEE,CURRENT YR/EMPLOYEE,CURRENT YR/EMPLOYEE,51,.,NA,NA,NA,NA
2013,0479,589,0573,0,9999,CURRENT YR/EMPLOYEE,224437776.98,rev IOC 13.08.02,NA,NA,NA,NA,0479,0479,0,NA,0,STATE EMPLOYEES RETIREMENT SYS,I,State Trust Funds,0,0,NA,NA,CURRENT YR/EMPLOYEE,CURRENT YR/EMPLOYEE,CURRENT YR/EMPLOYEE,51,.,NA,NA,NA,NA
2013,0481,131,0573,0,9999,CURRENT YR/EMPLOYEE,1478172,rev IOC 13.08.02,NA,NA,NA,NA,0481,0481,0,NA,0,GENERAL ASSEMBLY RETIREMENT,I,State Trust Funds,0,0,NA,NA,CURRENT YR/EMPLOYEE,CURRENT YR/EMPLOYEE,CURRENT YR/EMPLOYEE,51,.,NA,NA,NA,NA
2014,0477,275,0573,0,9999,CURRENT YR/EMPLOYEE,15661422.81,rev IOC 15.09.28,JUDGES RETIREMENT SYSTEM,JUDGES RETIREMENT SYSTEM,NA,NA,0477,0477,0,NA,0,JUDGES RETIREMENT SYSTEM,I,State Trust Funds,0,0,NA,NA,CURRENT YR/EMPLOYEE,CURRENT YR/EMPLOYEE,CURRENT YR/EMPLOYEE,51,.,NA,NA,NA,NA
2014,0479,589,0573,0,9999,CURRENT YR/EMPLOYEE,241256501.66,rev IOC 15.09.28,STATE EMPLOYEES RETIREMENT SYS,STATE EMPLOYEES' RETIRE SYSTEM,NA,NA,0479,0479,0,NA,0,STATE EMPLOYEES RETIREMENT SYS,I,State Trust Funds,0,0,NA,NA,CURRENT YR/EMPLOYEE,CURRENT YR/EMPLOYEE,CURRENT YR/EMPLOYEE,51,.,NA,NA,NA,NA
2014,0481,131,0573,0,9999,CURRENT YR/EMPLOYEE,1530713.51,rev IOC 15.09.28,GENERAL ASSEMBLY RETIREMENT,GENERAL ASSEMBLY RETIRE SYS,NA,NA,0481,0481,0,NA,0,GENERAL ASSEMBLY RETIREMENT,I,State Trust Funds,0,0,NA,NA,CURRENT YR/EMPLOYEE,CURRENT YR/EMPLOYEE,CURRENT YR/EMPLOYEE,51,.,NA,NA,NA,NA
2015,0477,275,0573,0,9999,CURRENT YR/EMPLOYEE,15347575.49,rev ioc 16.01.07,JUDGES RETIREMENT SYSTEM,JUDGES RETIREMENT SYSTEM,NA,NA,0477,0477,0,NA,0,JUDGES RETIREMENT SYSTEM,I,State Trust Funds,0,0,NA,NA,CURRENT YR/EMPLOYEE,CURRENT YR/EMPLOYEE,CURRENT YR/EMPLOYEE,51,.,NA,NA,NA,NA
2015,0479,589,0573,0,9999,CURRENT YR/EMPLOYEE,243580819,rev ioc 16.01.07,STATE EMPLOYEES RETIREMENT SYS,STATE EMPLOYEES' RETIRE SYSTEM,NA,NA,0479,0479,0,NA,0,STATE EMPLOYEES RETIREMENT SYS,I,State Trust Funds,0,0,NA,NA,CURRENT YR/EMPLOYEE,CURRENT YR/EMPLOYEE,CURRENT YR/EMPLOYEE,51,.,NA,NA,NA,NA
2015,0481,131,0573,0,9999,CURRENT YR/EMPLOYEE,1458328.1,rev ioc 16.01.07,GENERAL ASSEMBLY RETIREMENT,GENERAL ASSEMBLY RETIRE SYS,NA,NA,0481,0481,0,NA,0,GENERAL ASSEMBLY RETIREMENT,I,State Trust Funds,0,0,NA,NA,CURRENT YR/EMPLOYEE,CURRENT YR/EMPLOYEE,CURRENT YR/EMPLOYEE,51,.,NA,NA,NA,NA
2016,0477,275,0573,0,9999,CURRENT YR/EMPLOYEE,14837065.51,rev ioc 16.08.04,JUDGES RETIREMENT SYSTEM,JUDGES RETIREMENT SYSTEM,NA,NA,0477,0477,0,NA,0,JUDGES RETIREMENT SYSTEM,I,State Trust Funds,0,0,NA,NA,CURRENT YR/EMPLOYEE,CURRENT YR/EMPLOYEE,CURRENT YR/EMPLOYEE,51,.,NA,NA,NA,NA
2016,0479,589,0573,0,9999,CURRENT YR/EMPLOYEE,233502078.6,rev ioc 16.08.04,STATE EMPLOYEES RETIREMENT SYS,STATE EMPLOYEES' RETIRE SYSTEM,NA,NA,0479,0479,0,NA,0,STATE EMPLOYEES RETIREMENT SYS,I,State Trust Funds,0,0,NA,NA,CURRENT YR/EMPLOYEE,CURRENT YR/EMPLOYEE,CURRENT YR/EMPLOYEE,51,.,NA,NA,NA,NA
2016,0481,131,0573,0,9999,CURRENT YR/EMPLOYEE,1033355.95,rev ioc 16.08.04,GENERAL ASSEMBLY RETIREMENT,GENERAL ASSEMBLY RETIRE SYS,NA,NA,0481,0481,0,NA,0,GENERAL ASSEMBLY RETIREMENT,I,State Trust Funds,0,0,NA,NA,CURRENT YR/EMPLOYEE,CURRENT YR/EMPLOYEE,CURRENT YR/EMPLOYEE,51,.,NA,NA,NA,NA
2017,0477,275,0573,0,9999,CURRENT YR/EMPLOYEE,14721441.48,rev ioc 17.11.29,JUDGES RETIREMENT SYSTEM,JUDGES RETIREMENT SYSTEM,NA,NA,0477,0477,0,NA,0,JUDGES RETIREMENT SYSTEM,I,State Trust Funds,0,0,NA,NA,CURRENT YR/EMPLOYEE,CURRENT YR/EMPLOYEE,CURRENT YR/EMPLOYEE,51,.,NA,NA,NA,NA
2017,0479,589,0573,0,9999,CURRENT YR/EMPLOYEE,226485315.94,rev ioc 17.11.29,STATE EMPLOYEES RETIREMENT SYS,STATE EMPLOYEES' RETIRE SYSTEM,NA,NA,0479,0479,0,NA,0,STATE EMPLOYEES RETIREMENT SYS,I,State Trust Funds,0,0,NA,NA,CURRENT YR/EMPLOYEE,CURRENT YR/EMPLOYEE,CURRENT YR/EMPLOYEE,51,.,NA,NA,NA,NA
2017,0481,131,0573,0,9999,CURRENT YR/EMPLOYEE,1549714.89,rev ioc 17.11.29,GENERAL ASSEMBLY RETIREMENT,GENERAL ASSEMBLY RETIRE SYS,NA,NA,0481,0481,0,NA,0,GENERAL ASSEMBLY RETIREMENT,I,State Trust Funds,0,0,NA,NA,CURRENT YR/EMPLOYEE,CURRENT YR/EMPLOYEE,CURRENT YR/EMPLOYEE,51,.,NA,NA,NA,NA
2018,0477,275,0573,0,9999,CURRENT YR/EMPLOYEE,14266143.69,NA,JUDGES RETIREMENT SYSTEM,JUDGES RETIREMENT SYSTEM,NA,NA,0477,0477,0,NA,0,JUDGES RETIREMENT SYSTEM,I,State Trust Funds,0,0,NA,NA,CURRENT YR/EMPLOYEE,CURRENT YR/EMPLOYEE,CURRENT YR/EMPLOYEE,51,.,NA,NA,NA,NA
2018,0479,589,0573,0,9999,CURRENT YR/EMPLOYEE,225428945.05,NA,STATE EMPLOYEES RETIREMENT SYS,STATE EMPLOYEES' RETIRE SYSTEM,NA,NA,0479,0479,0,NA,0,STATE EMPLOYEES RETIREMENT SYS,I,State Trust Funds,0,0,NA,NA,CURRENT YR/EMPLOYEE,CURRENT YR/EMPLOYEE,CURRENT YR/EMPLOYEE,51,.,NA,NA,NA,NA
2018,0481,131,0573,0,9999,CURRENT YR/EMPLOYEE,1240908.02,NA,GENERAL ASSEMBLY RETIREMENT,GENERAL ASSEMBLY RETIRE SYS,NA,NA,0481,0481,0,NA,0,GENERAL ASSEMBLY RETIREMENT,I,State Trust Funds,0,0,NA,NA,CURRENT YR/EMPLOYEE,CURRENT YR/EMPLOYEE,CURRENT YR/EMPLOYEE,51,.,NA,NA,NA,NA
2019,0477,275,0573,0,9999,CURRENT YR/EMPLOYEE,14459405.51,rev ioc 12.11.2019,JUDGES RETIREMENT SYSTEM,JUDGES RETIREMENT SYSTEM,NA,NA,0477,0477,0,NA,0,JUDGES RETIREMENT SYSTEM,I,State Trust Funds,0,0,NA,NA,CURRENT YR/EMPLOYEE,CURRENT YR/EMPLOYEE,CURRENT YR/EMPLOYEE,51,.,NA,NA,NA,NA
2019,0479,589,0573,0,9999,CURRENT YR/EMPLOYEE,234478841.86,rev ioc 12.11.2019,STATE EMPLOYEES RETIREMENT SYS,STATE EMPLOYEES' RETIRE SYSTEM,NA,NA,0479,0479,0,NA,0,STATE EMPLOYEES RETIREMENT SYS,I,State Trust Funds,0,0,NA,NA,CURRENT YR/EMPLOYEE,CURRENT YR/EMPLOYEE,CURRENT YR/EMPLOYEE,51,.,NA,NA,NA,NA
2019,0481,131,0573,0,9999,CURRENT YR/EMPLOYEE,1233283.64,rev ioc 12.11.2019,GENERAL ASSEMBLY RETIREMENT,GENERAL ASSEMBLY RETIRE SYS,NA,NA,0481,0481,0,NA,0,GENERAL ASSEMBLY RETIREMENT,I,State Trust Funds,0,0,NA,NA,CURRENT YR/EMPLOYEE,CURRENT YR/EMPLOYEE,CURRENT YR/EMPLOYEE,51,.,NA,NA,NA,NA
2020,0477,275,0573,0,9999,CURRENT YR/EMPLOYEE,14388549.13,rev ioc 03.11.2020,JUDGES RETIREMENT SYSTEM,JUDGES RETIREMENT SYSTEM,NA,NA,0477,0477,0,NA,0,JUDGES RETIREMENT SYSTEM,I,State Trust Funds,0,0,NA,NA,CURRENT YR/EMPLOYEE,CURRENT YR/EMPLOYEE,CURRENT YR/EMPLOYEE,51,.,NA,NA,NA,NA
2020,0479,589,0573,0,9999,CURRENT YR/EMPLOYEE,265251732.01,rev ioc 03.11.2020,STATE EMPLOYEES RETIREMENT SYS,STATE EMPLOYEES' RETIRE SYSTEM,NA,NA,0479,0479,0,NA,0,STATE EMPLOYEES RETIREMENT SYS,I,State Trust Funds,0,0,NA,NA,CURRENT YR/EMPLOYEE,CURRENT YR/EMPLOYEE,CURRENT YR/EMPLOYEE,51,.,NA,NA,NA,NA
2020,0481,131,0573,0,9999,CURRENT YR/EMPLOYEE,1193449.25,rev ioc 03.11.2020,GENERAL ASSEMBLY RETIREMENT,GENERAL ASSEMBLY RETIRE SYS,NA,NA,0481,0481,0,NA,0,GENERAL ASSEMBLY RETIREMENT,I,State Trust Funds,0,0,NA,NA,CURRENT YR/EMPLOYEE,CURRENT YR/EMPLOYEE,CURRENT YR/EMPLOYEE,51,.,NA,NA,NA,NA
2021,0477,275,0573,NA,NA,CURRENT YR/EMPLOYEE,14519344.65,NA,JUDGES RETIREMENT SYSTEM,JUDGES RETIREMENT SYSTEM,I,STATE TRUST FUNDS,0477,0477,0,NA,0,JUDGES RETIREMENT SYSTEM,I,State Trust Funds,0,0,NA,NA,CURRENT YR/EMPLOYEE,CURRENT YR/EMPLOYEE,CURRENT YR/EMPLOYEE,51,.,NA,NA,NA,NA
2021,0479,589,0573,NA,NA,CURRENT YR/EMPLOYEE,256388828.41,NA,STATE EMPLOYEES RETIREMENT SYS,STATE EMPLOYEES' RETIRE SYSTEM,I,STATE TRUST FUNDS,0479,0479,0,NA,0,STATE EMPLOYEES RETIREMENT SYS,I,State Trust Funds,0,0,NA,NA,CURRENT YR/EMPLOYEE,CURRENT YR/EMPLOYEE,CURRENT YR/EMPLOYEE,51,.,NA,NA,NA,NA
2021,0481,131,0573,NA,NA,CURRENT YR/EMPLOYEE,1211574.32,NA,GENERAL ASSEMBLY RETIREMENT,GENERAL ASSEMBLY RETIRE SYS,I,STATE TRUST FUNDS,0481,0481,0,NA,0,GENERAL ASSEMBLY RETIREMENT,I,State Trust Funds,0,0,NA,NA,CURRENT YR/EMPLOYEE,CURRENT YR/EMPLOYEE,CURRENT YR/EMPLOYEE,51,.,NA,NA,NA,NA
2022,0477,275,0573,NA,9999,CURRENT YR/EMPLOYEE,14487876.39,rev_ioc_22.08.01,JUDGES RETIREMENT SYSTEM,JUDGES RETIREMENT SYSTEM,NA,NA,0477,0477,0,NA,0,JUDGES RETIREMENT SYSTEM,I,State Trust Funds,0,0,NA,NA,CURRENT YR/EMPLOYEE,CURRENT YR/EMPLOYEE,CURRENT YR/EMPLOYEE,51,.,NA,NA,NA,NA
2022,0479,589,0573,NA,9999,CURRENT YR/EMPLOYEE,258873789.97,rev_ioc_22.08.01,STATE EMPLOYEES RETIREMENT SYS,STATE EMPLOYEES' RETIRE SYSTEM,NA,NA,0479,0479,0,NA,0,STATE EMPLOYEES RETIREMENT SYS,I,State Trust Funds,0,0,NA,NA,CURRENT YR/EMPLOYEE,CURRENT YR/EMPLOYEE,CURRENT YR/EMPLOYEE,51,.,NA,NA,NA,NA
2022,0481,131,0573,NA,9999,CURRENT YR/EMPLOYEE,1171454.24,rev_ioc_22.08.01,GENERAL ASSEMBLY RETIREMENT,GENERAL ASSEMBLY RETIRE SYS,NA,NA,0481,0481,0,NA,0,GENERAL ASSEMBLY RETIREMENT,I,State Trust Funds,0,0,NA,NA,CURRENT YR/EMPLOYEE,CURRENT YR/EMPLOYEE,CURRENT YR/EMPLOYEE,51,.,NA,NA,NA,NA
1998,0479,589,0574,0,.,CURRENT YR/EMPLOYER,130869051.76,rev IOC 13.08.02,NA,NA,NA,NA,0479,0479,0,NA,0,STATE EMPLOYEES RETIREMENT SYS,I,State Trust Funds,0,0,NA,NA,CURRENT YR/EMPLOYER,CURRENT YR/EMPLOYER,CURRENT YR/EMPLOYER,51,.,NA,NA,NA,NA
1999,0479,589,0574,0,.,CURRENT YR/EMPLOYER,134302721.87,rev_IOC 13.08.02,NA,NA,NA,NA,0479,0479,0,NA,0,STATE EMPLOYEES RETIREMENT SYS,I,State Trust Funds,0,0,NA,NA,CURRENT YR/EMPLOYER,CURRENT YR/EMPLOYER,CURRENT YR/EMPLOYER,51,.,NA,NA,NA,NA
2000,0479,589,0574,0,.,CURRENT YR/EMPLOYER,141426552.38,rev IOC 13.08.02,NA,NA,NA,NA,0479,0479,0,NA,0,STATE EMPLOYEES RETIREMENT SYS,I,State Trust Funds,0,0,NA,NA,CURRENT YR/EMPLOYER,CURRENT YR/EMPLOYER,CURRENT YR/EMPLOYER,51,.,NA,NA,NA,NA
2001,0479,589,0574,0,.,CURRENT YR/EMPLOYER,149664952.43,rev IOC 13.08.02,NA,NA,NA,NA,0479,0479,0,NA,0,STATE EMPLOYEES RETIREMENT SYS,I,State Trust Funds,0,0,NA,NA,CURRENT YR/EMPLOYER,CURRENT YR/EMPLOYER,CURRENT YR/EMPLOYER,51,.,NA,NA,NA,NA
2002,0479,589,0574,0,.,CURRENT YR/EMPLOYER,158412008.18,rev IOC 13.08.02,NA,NA,NA,NA,0479,0479,0,NA,0,STATE EMPLOYEES RETIREMENT SYS,I,State Trust Funds,0,0,NA,NA,CURRENT YR/EMPLOYER,CURRENT YR/EMPLOYER,CURRENT YR/EMPLOYER,51,.,NA,NA,NA,NA
2003,0479,589,0574,0,.,CURRENT YR/EMPLOYER,151951131.37,rev IOC 13.08.02,NA,NA,NA,NA,0479,0479,0,NA,0,STATE EMPLOYEES RETIREMENT SYS,I,State Trust Funds,0,0,NA,NA,CURRENT YR/EMPLOYER,CURRENT YR/EMPLOYER,CURRENT YR/EMPLOYER,51,.,NA,NA,NA,NA
2004,0479,589,0574,0,.,CURRENT YR/EMPLOYER,117099876.89,rev IOC 13.08.02,NA,NA,NA,NA,0479,0479,0,NA,0,STATE EMPLOYEES RETIREMENT SYS,I,State Trust Funds,0,0,NA,NA,CURRENT YR/EMPLOYER,CURRENT YR/EMPLOYER,CURRENT YR/EMPLOYER,51,.,NA,NA,NA,NA
2005,0479,589,0574,0,.,CURRENT YR/EMPLOYER,94726452.07,rev IOC 13.08.02,NA,NA,NA,NA,0479,0479,0,NA,0,STATE EMPLOYEES RETIREMENT SYS,I,State Trust Funds,0,0,NA,NA,CURRENT YR/EMPLOYER,CURRENT YR/EMPLOYER,CURRENT YR/EMPLOYER,51,.,NA,NA,NA,NA
2006,0479,589,0574,0,.,CURRENT YR/EMPLOYER,43276513.96,rev IOC 13.08.02,NA,NA,NA,NA,0479,0479,0,NA,0,STATE EMPLOYEES RETIREMENT SYS,I,State Trust Funds,0,0,NA,NA,CURRENT YR/EMPLOYER,CURRENT YR/EMPLOYER,CURRENT YR/EMPLOYER,51,.,NA,NA,NA,NA
2007,0479,589,0574,0,9999,CURRENT YR/EMPLOYER,11033033.84,rev IOC 13.08.02,NA,NA,NA,NA,0479,0479,0,NA,0,STATE EMPLOYEES RETIREMENT SYS,I,State Trust Funds,0,0,NA,NA,CURRENT YR/EMPLOYER,CURRENT YR/EMPLOYER,CURRENT YR/EMPLOYER,51,.,NA,NA,NA,NA
2008,0479,589,0574,0,9999,CURRENT YR/EMPLOYER,9115583.82,rev IOC 13.08.02,NA,NA,NA,NA,0479,0479,0,NA,0,STATE EMPLOYEES RETIREMENT SYS,I,State Trust Funds,0,0,NA,NA,CURRENT YR/EMPLOYER,CURRENT YR/EMPLOYER,CURRENT YR/EMPLOYER,51,.,NA,NA,NA,NA
2009,0479,589,0574,0,9999,CURRENT YR/EMPLOYER,7220210.46,rev IOC 13.08.02,NA,NA,NA,NA,0479,0479,0,NA,0,STATE EMPLOYEES RETIREMENT SYS,I,State Trust Funds,0,0,NA,NA,CURRENT YR/EMPLOYER,CURRENT YR/EMPLOYER,CURRENT YR/EMPLOYER,51,.,NA,NA,NA,NA
2010,0479,589,0574,0,9999,CURRENT YR/EMPLOYER,7341719.96,rev IOC 13.08.02,NA,NA,NA,NA,0479,0479,0,NA,0,STATE EMPLOYEES RETIREMENT SYS,I,State Trust Funds,0,0,NA,NA,CURRENT YR/EMPLOYER,CURRENT YR/EMPLOYER,CURRENT YR/EMPLOYER,51,.,NA,NA,NA,NA
2011,0479,589,0574,0,9999,CURRENT YR/EMPLOYER,7464924.27,rev IOC 13.08.02,NA,NA,NA,NA,0479,0479,0,NA,0,STATE EMPLOYEES RETIREMENT SYS,I,State Trust Funds,0,0,NA,NA,CURRENT YR/EMPLOYER,CURRENT YR/EMPLOYER,CURRENT YR/EMPLOYER,51,.,NA,NA,NA,NA
2011,0481,131,0574,0,9999,CURRENT YR/EMPLOYER,635.4,rev IOC 13.08.02,NA,NA,NA,NA,0481,0481,0,NA,0,GENERAL ASSEMBLY RETIREMENT,I,State Trust Funds,0,0,NA,NA,CURRENT YR/EMPLOYER,CURRENT YR/EMPLOYER,CURRENT YR/EMPLOYER,51,.,NA,NA,NA,NA
2012,0479,589,0574,0,9999,CURRENT YR/EMPLOYER,7729279.02,rev IOC 13.08.02,NA,NA,NA,NA,0479,0479,0,NA,0,STATE EMPLOYEES RETIREMENT SYS,I,State Trust Funds,0,0,NA,NA,CURRENT YR/EMPLOYER,CURRENT YR/EMPLOYER,CURRENT YR/EMPLOYER,51,.,NA,NA,NA,NA
2012,0481,131,0574,0,9999,CURRENT YR/EMPLOYER,3812.4,rev IOC 13.08.02,NA,NA,NA,NA,0481,0481,0,NA,0,GENERAL ASSEMBLY RETIREMENT,I,State Trust Funds,0,0,NA,NA,CURRENT YR/EMPLOYER,CURRENT YR/EMPLOYER,CURRENT YR/EMPLOYER,51,.,NA,NA,NA,NA
2013,0479,589,0574,0,9999,CURRENT YR/EMPLOYER,7520103.01,rev IOC 13.08.02,NA,NA,NA,NA,0479,0479,0,NA,0,STATE EMPLOYEES RETIREMENT SYS,I,State Trust Funds,0,0,NA,NA,CURRENT YR/EMPLOYER,CURRENT YR/EMPLOYER,CURRENT YR/EMPLOYER,51,.,NA,NA,NA,NA
2013,0481,131,0574,0,9999,CURRENT YR/EMPLOYER,3826.9,rev IOC 13.08.02,NA,NA,NA,NA,0481,0481,0,NA,0,GENERAL ASSEMBLY RETIREMENT,I,State Trust Funds,0,0,NA,NA,CURRENT YR/EMPLOYER,CURRENT YR/EMPLOYER,CURRENT YR/EMPLOYER,51,.,NA,NA,NA,NA
2014,0479,589,0574,0,9999,CURRENT YR/EMPLOYER,7665283.3,rev IOC 15.09.28,STATE EMPLOYEES RETIREMENT SYS,STATE EMPLOYEES' RETIRE SYSTEM,NA,NA,0479,0479,0,NA,0,STATE EMPLOYEES RETIREMENT SYS,I,State Trust Funds,0,0,NA,NA,CURRENT YR/EMPLOYER,CURRENT YR/EMPLOYER,CURRENT YR/EMPLOYER,51,.,NA,NA,NA,NA
2014,0481,131,0574,0,9999,CURRENT YR/EMPLOYER,3872.4,rev IOC 15.09.28,GENERAL ASSEMBLY RETIREMENT,GENERAL ASSEMBLY RETIRE SYS,NA,NA,0481,0481,0,NA,0,GENERAL ASSEMBLY RETIREMENT,I,State Trust Funds,0,0,NA,NA,CURRENT YR/EMPLOYER,CURRENT YR/EMPLOYER,CURRENT YR/EMPLOYER,51,.,NA,NA,NA,NA
2015,0479,589,0574,0,9999,CURRENT YR/EMPLOYER,7656941.86,rev ioc 16.01.07,STATE EMPLOYEES RETIREMENT SYS,STATE EMPLOYEES' RETIRE SYSTEM,NA,NA,0479,0479,0,NA,0,STATE EMPLOYEES RETIREMENT SYS,I,State Trust Funds,0,0,NA,NA,CURRENT YR/EMPLOYER,CURRENT YR/EMPLOYER,CURRENT YR/EMPLOYER,51,.,NA,NA,NA,NA
2015,0481,131,0574,0,9999,CURRENT YR/EMPLOYER,3812.4,rev ioc 16.01.07,GENERAL ASSEMBLY RETIREMENT,GENERAL ASSEMBLY RETIRE SYS,NA,NA,0481,0481,0,NA,0,GENERAL ASSEMBLY RETIREMENT,I,State Trust Funds,0,0,NA,NA,CURRENT YR/EMPLOYER,CURRENT YR/EMPLOYER,CURRENT YR/EMPLOYER,51,.,NA,NA,NA,NA
2016,0479,589,0574,0,9999,CURRENT YR/EMPLOYER,7411177.4,rev ioc 16.08.04,STATE EMPLOYEES RETIREMENT SYS,STATE EMPLOYEES' RETIRE SYSTEM,NA,NA,0479,0479,0,NA,0,STATE EMPLOYEES RETIREMENT SYS,I,State Trust Funds,0,0,NA,NA,CURRENT YR/EMPLOYER,CURRENT YR/EMPLOYER,CURRENT YR/EMPLOYER,51,.,NA,NA,NA,NA
2016,0481,131,0574,0,9999,CURRENT YR/EMPLOYER,3828.65,rev ioc 16.08.04,GENERAL ASSEMBLY RETIREMENT,GENERAL ASSEMBLY RETIRE SYS,NA,NA,0481,0481,0,NA,0,GENERAL ASSEMBLY RETIREMENT,I,State Trust Funds,0,0,NA,NA,CURRENT YR/EMPLOYER,CURRENT YR/EMPLOYER,CURRENT YR/EMPLOYER,51,.,NA,NA,NA,NA
2017,0479,589,0574,0,9999,CURRENT YR/EMPLOYER,7163917.19,rev ioc 17.11.29,STATE EMPLOYEES RETIREMENT SYS,STATE EMPLOYEES' RETIRE SYSTEM,NA,NA,0479,0479,0,NA,0,STATE EMPLOYEES RETIREMENT SYS,I,State Trust Funds,0,0,NA,NA,CURRENT YR/EMPLOYER,CURRENT YR/EMPLOYER,CURRENT YR/EMPLOYER,51,.,NA,NA,NA,NA
2017,0481,131,0574,0,9999,CURRENT YR/EMPLOYER,3828.97,rev ioc 17.11.29,GENERAL ASSEMBLY RETIREMENT,GENERAL ASSEMBLY RETIRE SYS,NA,NA,0481,0481,0,NA,0,GENERAL ASSEMBLY RETIREMENT,I,State Trust Funds,0,0,NA,NA,CURRENT YR/EMPLOYER,CURRENT YR/EMPLOYER,CURRENT YR/EMPLOYER,51,.,NA,NA,NA,NA
2018,0479,589,0574,0,9999,CURRENT YR/EMPLOYER,7062606.53,NA,STATE EMPLOYEES RETIREMENT SYS,STATE EMPLOYEES' RETIRE SYSTEM,NA,NA,0479,0479,0,NA,0,STATE EMPLOYEES RETIREMENT SYS,I,State Trust Funds,0,0,NA,NA,CURRENT YR/EMPLOYER,CURRENT YR/EMPLOYER,CURRENT YR/EMPLOYER,51,.,NA,NA,NA,NA
2018,0481,131,0574,0,9999,CURRENT YR/EMPLOYER,3875.79,NA,GENERAL ASSEMBLY RETIREMENT,GENERAL ASSEMBLY RETIRE SYS,NA,NA,0481,0481,0,NA,0,GENERAL ASSEMBLY RETIREMENT,I,State Trust Funds,0,0,NA,NA,CURRENT YR/EMPLOYER,CURRENT YR/EMPLOYER,CURRENT YR/EMPLOYER,51,.,NA,NA,NA,NA
2019,0479,589,0574,0,9999,CURRENT YR/EMPLOYER,7293847.12,rev ioc 12.11.2019,STATE EMPLOYEES RETIREMENT SYS,STATE EMPLOYEES' RETIRE SYSTEM,NA,NA,0479,0479,0,NA,0,STATE EMPLOYEES RETIREMENT SYS,I,State Trust Funds,0,0,NA,NA,CURRENT YR/EMPLOYER,CURRENT YR/EMPLOYER,CURRENT YR/EMPLOYER,51,.,NA,NA,NA,NA
2019,0481,131,0574,0,9999,CURRENT YR/EMPLOYER,3812.4,rev ioc 12.11.2019,GENERAL ASSEMBLY RETIREMENT,GENERAL ASSEMBLY RETIRE SYS,NA,NA,0481,0481,0,NA,0,GENERAL ASSEMBLY RETIREMENT,I,State Trust Funds,0,0,NA,NA,CURRENT YR/EMPLOYER,CURRENT YR/EMPLOYER,CURRENT YR/EMPLOYER,51,.,NA,NA,NA,NA
2020,0479,589,0574,0,9999,CURRENT YR/EMPLOYER,7774382.38,rev ioc 03.11.2020,STATE EMPLOYEES RETIREMENT SYS,STATE EMPLOYEES' RETIRE SYSTEM,NA,NA,0479,0479,0,NA,0,STATE EMPLOYEES RETIREMENT SYS,I,State Trust Funds,0,0,NA,NA,CURRENT YR/EMPLOYER,CURRENT YR/EMPLOYER,CURRENT YR/EMPLOYER,51,.,NA,NA,NA,NA
2020,0481,131,0574,0,9999,CURRENT YR/EMPLOYER,3896.22,rev ioc 03.11.2020,GENERAL ASSEMBLY RETIREMENT,GENERAL ASSEMBLY RETIRE SYS,NA,NA,0481,0481,0,NA,0,GENERAL ASSEMBLY RETIREMENT,I,State Trust Funds,0,0,NA,NA,CURRENT YR/EMPLOYER,CURRENT YR/EMPLOYER,CURRENT YR/EMPLOYER,51,.,NA,NA,NA,NA
2021,0479,589,0574,NA,NA,CURRENT YR/EMPLOYER,8069801.85,NA,STATE EMPLOYEES RETIREMENT SYS,STATE EMPLOYEES' RETIRE SYSTEM,I,STATE TRUST FUNDS,0479,0479,0,NA,0,STATE EMPLOYEES RETIREMENT SYS,I,State Trust Funds,0,0,NA,NA,CURRENT YR/EMPLOYER,CURRENT YR/EMPLOYER,CURRENT YR/EMPLOYER,51,.,NA,NA,NA,NA
2021,0481,131,0574,NA,NA,CURRENT YR/EMPLOYER,3903.84,NA,GENERAL ASSEMBLY RETIREMENT,GENERAL ASSEMBLY RETIRE SYS,I,STATE TRUST FUNDS,0481,0481,0,NA,0,GENERAL ASSEMBLY RETIREMENT,I,State Trust Funds,0,0,NA,NA,CURRENT YR/EMPLOYER,CURRENT YR/EMPLOYER,CURRENT YR/EMPLOYER,51,.,NA,NA,NA,NA
2022,0479,589,0574,NA,9999,CURRENT YR/EMPLOYER,8593553.35,rev_ioc_22.08.01,STATE EMPLOYEES RETIREMENT SYS,STATE EMPLOYEES' RETIRE SYSTEM,NA,NA,0479,0479,0,NA,0,STATE EMPLOYEES RETIREMENT SYS,I,State Trust Funds,0,0,NA,NA,CURRENT YR/EMPLOYER,CURRENT YR/EMPLOYER,CURRENT YR/EMPLOYER,51,.,NA,NA,NA,NA
2022,0481,131,0574,NA,9999,CURRENT YR/EMPLOYER,3961.8,rev_ioc_22.08.01,GENERAL ASSEMBLY RETIREMENT,GENERAL ASSEMBLY RETIRE SYS,NA,NA,0481,0481,0,NA,0,GENERAL ASSEMBLY RETIREMENT,I,State Trust Funds,0,0,NA,NA,CURRENT YR/EMPLOYER,CURRENT YR/EMPLOYER,CURRENT YR/EMPLOYER,51,.,NA,NA,NA,NA
1998,0475,553,0577,0,.,CONTRIBUTIONS BY EMPLOYER,519753169.61,rev IOC 13.08.02,NA,NA,NA,NA,0475,0475,0,NA,0,IL MUNICIPAL RETIREMENT,I,State Trust Funds,0,0,NA,NA,CONTRIBUTIONS BY EMPLOYER,CONTRIBUTIONS BY EMPLOYER,CONTRIBUTIONS BY EMPLOYER,51,.,NA,NA,NA,NA
1998,0477,275,0577,0,.,CONTRIBUTIONS BY EMPLOYER,15663782,rev IOC 13.08.02,NA,NA,NA,NA,0477,0477,0,NA,0,JUDGES RETIREMENT SYSTEM,I,State Trust Funds,0,0,NA,NA,CONTRIBUTIONS BY EMPLOYER,CONTRIBUTIONS BY EMPLOYER,CONTRIBUTIONS BY EMPLOYER,51,.,NA,NA,NA,NA
1998,0479,589,0577,0,.,CONTRIBUTIONS BY EMPLOYER,189910233.15,rev IOC 13.08.02,NA,NA,NA,NA,0479,0479,0,NA,0,STATE EMPLOYEES RETIREMENT SYS,I,State Trust Funds,0,0,NA,NA,CONTRIBUTIONS BY EMPLOYER,CONTRIBUTIONS BY EMPLOYER,CONTRIBUTIONS BY EMPLOYER,51,.,NA,NA,NA,NA
1998,0481,131,0577,0,.,CONTRIBUTIONS BY EMPLOYER,3003245,rev IOC 13.08.02,NA,NA,NA,NA,0481,0481,0,NA,0,GENERAL ASSEMBLY RETIREMENT,I,State Trust Funds,0,0,NA,NA,CONTRIBUTIONS BY EMPLOYER,CONTRIBUTIONS BY EMPLOYER,CONTRIBUTIONS BY EMPLOYER,51,.,NA,NA,NA,NA
1998,0786,131,0577,0,.,CONTRIBUTIONS BY EMPLOYER,59063,rev IOC 13.08.02,NA,NA,NA,NA,0786,0786,0,NA,0,GENERAL ASSEMBLY RETIRE EXCESS,I,State Trust Funds,0,0,NA,NA,CONTRIBUTIONS BY EMPLOYER,CONTRIBUTIONS BY EMPLOYER,CONTRIBUTIONS BY EMPLOYER,51,.,NA,NA,NA,NA
1998,0787,275,0577,0,.,CONTRIBUTIONS BY EMPLOYER,30653,rev IOC 13.08.02,NA,NA,NA,NA,0787,0787,0,NA,0,JUDGES RETIRE EXCESS BENEFIT,I,State Trust Funds,0,0,NA,NA,CONTRIBUTIONS BY EMPLOYER,CONTRIBUTIONS BY EMPLOYER,CONTRIBUTIONS BY EMPLOYER,51,.,NA,NA,NA,NA
1998,0788,589,0577,0,.,CONTRIBUTIONS BY EMPLOYER,8775,rev IOC 13.08.02,NA,NA,NA,NA,0788,0788,0,NA,0,STATE EMPLOYEE EXCESS BENEFIT,I,State Trust Funds,0,0,NA,NA,CONTRIBUTIONS BY EMPLOYER,CONTRIBUTIONS BY EMPLOYER,CONTRIBUTIONS BY EMPLOYER,51,.,NA,NA,NA,NA
1998,0789,593,0577,0,.,CONTRIBUTIONS BY EMPLOYER,1244.76,rev IOC 13.08.02,NA,NA,NA,NA,0789,0789,0,NA,0,TEACHER RETIRE SYS EX BENEFIT,I,State Trust Funds,0,0,NA,NA,CONTRIBUTIONS BY EMPLOYER,CONTRIBUTIONS BY EMPLOYER,CONTRIBUTIONS BY EMPLOYER,51,.,NA,NA,NA,NA
1999,0475,553,0577,0,.,CONTRIBUTIONS BY EMPLOYER,556502971.72,rev_IOC 13.08.02,NA,NA,NA,NA,0475,0475,0,NA,0,IL MUNICIPAL RETIREMENT,I,State Trust Funds,0,0,NA,NA,CONTRIBUTIONS BY EMPLOYER,CONTRIBUTIONS BY EMPLOYER,CONTRIBUTIONS BY EMPLOYER,51,.,NA,NA,NA,NA
1999,0477,275,0577,0,.,CONTRIBUTIONS BY EMPLOYER,16438294,rev_IOC 13.08.02,NA,NA,NA,NA,0477,0477,0,NA,0,JUDGES RETIREMENT SYSTEM,I,State Trust Funds,0,0,NA,NA,CONTRIBUTIONS BY EMPLOYER,CONTRIBUTIONS BY EMPLOYER,CONTRIBUTIONS BY EMPLOYER,51,.,NA,NA,NA,NA
1999,0479,589,0577,0,.,CONTRIBUTIONS BY EMPLOYER,301708844.81,rev_IOC 13.08.02,NA,NA,NA,NA,0479,0479,0,NA,0,STATE EMPLOYEES RETIREMENT SYS,I,State Trust Funds,0,0,NA,NA,CONTRIBUTIONS BY EMPLOYER,CONTRIBUTIONS BY EMPLOYER,CONTRIBUTIONS BY EMPLOYER,51,.,NA,NA,NA,NA
1999,0481,131,0577,0,.,CONTRIBUTIONS BY EMPLOYER,3170381.93,rev_IOC 13.08.02,NA,NA,NA,NA,0481,0481,0,NA,0,GENERAL ASSEMBLY RETIREMENT,I,State Trust Funds,0,0,NA,NA,CONTRIBUTIONS BY EMPLOYER,CONTRIBUTIONS BY EMPLOYER,CONTRIBUTIONS BY EMPLOYER,51,.,NA,NA,NA,NA
1999,0786,131,0577,0,.,CONTRIBUTIONS BY EMPLOYER,41058,rev_IOC 13.08.02,NA,NA,NA,NA,0786,0786,0,NA,0,GENERAL ASSEMBLY RETIRE EXCESS,I,State Trust Funds,0,0,NA,NA,CONTRIBUTIONS BY EMPLOYER,CONTRIBUTIONS BY EMPLOYER,CONTRIBUTIONS BY EMPLOYER,51,.,NA,NA,NA,NA
1999,0787,275,0577,0,.,CONTRIBUTIONS BY EMPLOYER,34806,rev_IOC 13.08.02,NA,NA,NA,NA,0787,0787,0,NA,0,JUDGES RETIRE EXCESS BENEFIT,I,State Trust Funds,0,0,NA,NA,CONTRIBUTIONS BY EMPLOYER,CONTRIBUTIONS BY EMPLOYER,CONTRIBUTIONS BY EMPLOYER,51,.,NA,NA,NA,NA
1999,0788,589,0577,0,.,CONTRIBUTIONS BY EMPLOYER,4350,rev_IOC 13.08.02,NA,NA,NA,NA,0788,0788,0,NA,0,STATE EMPLOYEE EXCESS BENEFIT,I,State Trust Funds,0,0,NA,NA,CONTRIBUTIONS BY EMPLOYER,CONTRIBUTIONS BY EMPLOYER,CONTRIBUTIONS BY EMPLOYER,51,.,NA,NA,NA,NA
1999,0789,593,0577,0,.,CONTRIBUTIONS BY EMPLOYER,1244.76,rev_IOC 13.08.02,NA,NA,NA,NA,0789,0789,0,NA,0,TEACHER RETIRE SYS EX BENEFIT,I,State Trust Funds,0,0,NA,NA,CONTRIBUTIONS BY EMPLOYER,CONTRIBUTIONS BY EMPLOYER,CONTRIBUTIONS BY EMPLOYER,51,.,NA,NA,NA,NA
2000,0475,553,0577,0,.,CONTRIBUTIONS BY EMPLOYER,562371940.8,rev IOC 13.08.02,NA,NA,NA,NA,0475,0475,0,NA,0,IL MUNICIPAL RETIREMENT,I,State Trust Funds,0,0,NA,NA,CONTRIBUTIONS BY EMPLOYER,CONTRIBUTIONS BY EMPLOYER,CONTRIBUTIONS BY EMPLOYER,51,.,NA,NA,NA,NA
2000,0477,275,0577,0,.,CONTRIBUTIONS BY EMPLOYER,19156587.14,rev IOC 13.08.02,NA,NA,NA,NA,0477,0477,0,NA,0,JUDGES RETIREMENT SYSTEM,I,State Trust Funds,0,0,NA,NA,CONTRIBUTIONS BY EMPLOYER,CONTRIBUTIONS BY EMPLOYER,CONTRIBUTIONS BY EMPLOYER,51,.,NA,NA,NA,NA
2000,0479,589,0577,0,.,CONTRIBUTIONS BY EMPLOYER,327126035.78,rev IOC 13.08.02,NA,NA,NA,NA,0479,0479,0,NA,0,STATE EMPLOYEES RETIREMENT SYS,I,State Trust Funds,0,0,NA,NA,CONTRIBUTIONS BY EMPLOYER,CONTRIBUTIONS BY EMPLOYER,CONTRIBUTIONS BY EMPLOYER,51,.,NA,NA,NA,NA
2000,0481,131,0577,0,.,CONTRIBUTIONS BY EMPLOYER,3450683,rev IOC 13.08.02,NA,NA,NA,NA,0481,0481,0,NA,0,GENERAL ASSEMBLY RETIREMENT,I,State Trust Funds,0,0,NA,NA,CONTRIBUTIONS BY EMPLOYER,CONTRIBUTIONS BY EMPLOYER,CONTRIBUTIONS BY EMPLOYER,51,.,NA,NA,NA,NA
2000,0786,131,0577,0,.,CONTRIBUTIONS BY EMPLOYER,20317,rev IOC 13.08.02,NA,NA,NA,NA,0786,0786,0,NA,0,GENERAL ASSEMBLY RETIRE EXCESS,I,State Trust Funds,0,0,NA,NA,CONTRIBUTIONS BY EMPLOYER,CONTRIBUTIONS BY EMPLOYER,CONTRIBUTIONS BY EMPLOYER,51,.,NA,NA,NA,NA
2000,0787,275,0577,0,.,CONTRIBUTIONS BY EMPLOYER,76405,rev IOC 13.08.02,NA,NA,NA,NA,0787,0787,0,NA,0,JUDGES RETIRE EXCESS BENEFIT,I,State Trust Funds,0,0,NA,NA,CONTRIBUTIONS BY EMPLOYER,CONTRIBUTIONS BY EMPLOYER,CONTRIBUTIONS BY EMPLOYER,51,.,NA,NA,NA,NA
2000,0789,593,0577,0,.,CONTRIBUTIONS BY EMPLOYER,6431.11,rev IOC 13.08.02,NA,NA,NA,NA,0789,0789,0,NA,0,TEACHER RETIRE SYS EX BENEFIT,I,State Trust Funds,0,0,NA,NA,CONTRIBUTIONS BY EMPLOYER,CONTRIBUTIONS BY EMPLOYER,CONTRIBUTIONS BY EMPLOYER,51,.,NA,NA,NA,NA
2001,0475,553,0577,0,.,CONTRIBUTIONS BY EMPLOYER,546962944.03,rev IOC 13.08.02,NA,NA,NA,NA,0475,0475,0,NA,0,IL MUNICIPAL RETIREMENT,I,State Trust Funds,0,0,NA,NA,CONTRIBUTIONS BY EMPLOYER,CONTRIBUTIONS BY EMPLOYER,CONTRIBUTIONS BY EMPLOYER,51,.,NA,NA,NA,NA
2001,0477,275,0577,0,.,CONTRIBUTIONS BY EMPLOYER,22009063.9,rev IOC 13.08.02,NA,NA,NA,NA,0477,0477,0,NA,0,JUDGES RETIREMENT SYSTEM,I,State Trust Funds,0,0,NA,NA,CONTRIBUTIONS BY EMPLOYER,CONTRIBUTIONS BY EMPLOYER,CONTRIBUTIONS BY EMPLOYER,51,.,NA,NA,NA,NA
2001,0479,589,0577,0,.,CONTRIBUTIONS BY EMPLOYER,353781283.26,rev IOC 13.08.02,NA,NA,NA,NA,0479,0479,0,NA,0,STATE EMPLOYEES RETIREMENT SYS,I,State Trust Funds,0,0,NA,NA,CONTRIBUTIONS BY EMPLOYER,CONTRIBUTIONS BY EMPLOYER,CONTRIBUTIONS BY EMPLOYER,51,.,NA,NA,NA,NA
2001,0481,131,0577,0,.,CONTRIBUTIONS BY EMPLOYER,3798980,rev IOC 13.08.02,NA,NA,NA,NA,0481,0481,0,NA,0,GENERAL ASSEMBLY RETIREMENT,I,State Trust Funds,0,0,NA,NA,CONTRIBUTIONS BY EMPLOYER,CONTRIBUTIONS BY EMPLOYER,CONTRIBUTIONS BY EMPLOYER,51,.,NA,NA,NA,NA
2001,0786,131,0577,0,.,CONTRIBUTIONS BY EMPLOYER,16020,rev IOC 13.08.02,NA,NA,NA,NA,0786,0786,0,NA,0,GENERAL ASSEMBLY RETIRE EXCESS,I,State Trust Funds,0,0,NA,NA,CONTRIBUTIONS BY EMPLOYER,CONTRIBUTIONS BY EMPLOYER,CONTRIBUTIONS BY EMPLOYER,51,.,NA,NA,NA,NA
2001,0787,275,0577,0,.,CONTRIBUTIONS BY EMPLOYER,169862,rev IOC 13.08.02,NA,NA,NA,NA,0787,0787,0,NA,0,JUDGES RETIRE EXCESS BENEFIT,I,State Trust Funds,0,0,NA,NA,CONTRIBUTIONS BY EMPLOYER,CONTRIBUTIONS BY EMPLOYER,CONTRIBUTIONS BY EMPLOYER,51,.,NA,NA,NA,NA
2001,0789,593,0577,0,.,CONTRIBUTIONS BY EMPLOYER,12287,rev IOC 13.08.02,NA,NA,NA,NA,0789,0789,0,NA,0,TEACHER RETIRE SYS EX BENEFIT,I,State Trust Funds,0,0,NA,NA,CONTRIBUTIONS BY EMPLOYER,CONTRIBUTIONS BY EMPLOYER,CONTRIBUTIONS BY EMPLOYER,51,.,NA,NA,NA,NA
2002,0475,553,0577,0,.,CONTRIBUTIONS BY EMPLOYER,533243689.6,rev IOC 13.08.02,NA,NA,NA,NA,0475,0475,0,NA,0,IL MUNICIPAL RETIREMENT,I,State Trust Funds,0,0,NA,NA,CONTRIBUTIONS BY EMPLOYER,CONTRIBUTIONS BY EMPLOYER,CONTRIBUTIONS BY EMPLOYER,51,.,NA,NA,NA,NA
2002,0477,275,0577,0,.,CONTRIBUTIONS BY EMPLOYER,20948316,rev IOC 13.08.02,NA,NA,NA,NA,0477,0477,0,NA,0,JUDGES RETIREMENT SYSTEM,I,State Trust Funds,0,0,NA,NA,CONTRIBUTIONS BY EMPLOYER,CONTRIBUTIONS BY EMPLOYER,CONTRIBUTIONS BY EMPLOYER,51,.,NA,NA,NA,NA
2002,0479,589,0577,0,.,CONTRIBUTIONS BY EMPLOYER,374737198.7,rev IOC 13.08.02,NA,NA,NA,NA,0479,0479,0,NA,0,STATE EMPLOYEES RETIREMENT SYS,I,State Trust Funds,0,0,NA,NA,CONTRIBUTIONS BY EMPLOYER,CONTRIBUTIONS BY EMPLOYER,CONTRIBUTIONS BY EMPLOYER,51,.,NA,NA,NA,NA
2002,0481,131,0577,0,.,CONTRIBUTIONS BY EMPLOYER,3500423.92,rev IOC 13.08.02,NA,NA,NA,NA,0481,0481,0,NA,0,GENERAL ASSEMBLY RETIREMENT,I,State Trust Funds,0,0,NA,NA,CONTRIBUTIONS BY EMPLOYER,CONTRIBUTIONS BY EMPLOYER,CONTRIBUTIONS BY EMPLOYER,51,.,NA,NA,NA,NA
2002,0786,131,0577,0,.,CONTRIBUTIONS BY EMPLOYER,28218,rev IOC 13.08.02,NA,NA,NA,NA,0786,0786,0,NA,0,GENERAL ASSEMBLY RETIRE EXCESS,I,State Trust Funds,0,0,NA,NA,CONTRIBUTIONS BY EMPLOYER,CONTRIBUTIONS BY EMPLOYER,CONTRIBUTIONS BY EMPLOYER,51,.,NA,NA,NA,NA
2002,0787,275,0577,0,.,CONTRIBUTIONS BY EMPLOYER,128310,rev IOC 13.08.02,NA,NA,NA,NA,0787,0787,0,NA,0,JUDGES RETIRE EXCESS BENEFIT,I,State Trust Funds,0,0,NA,NA,CONTRIBUTIONS BY EMPLOYER,CONTRIBUTIONS BY EMPLOYER,CONTRIBUTIONS BY EMPLOYER,51,.,NA,NA,NA,NA
2002,0789,593,0577,0,.,CONTRIBUTIONS BY EMPLOYER,271395,rev IOC 13.08.02,NA,NA,NA,NA,0789,0789,0,NA,0,TEACHER RETIRE SYS EX BENEFIT,I,State Trust Funds,0,0,NA,NA,CONTRIBUTIONS BY EMPLOYER,CONTRIBUTIONS BY EMPLOYER,CONTRIBUTIONS BY EMPLOYER,51,.,NA,NA,NA,NA
2003,0475,553,0577,0,.,CONTRIBUTIONS BY EMPLOYER,545610087.5,rev IOC 13.08.02,NA,NA,NA,NA,0475,0475,0,NA,0,IL MUNICIPAL RETIREMENT,I,State Trust Funds,0,0,NA,NA,CONTRIBUTIONS BY EMPLOYER,CONTRIBUTIONS BY EMPLOYER,CONTRIBUTIONS BY EMPLOYER,51,.,NA,NA,NA,NA
2003,0477,275,0577,0,.,CONTRIBUTIONS BY EMPLOYER,28419719.64,rev IOC 13.08.02,NA,NA,NA,NA,0477,0477,0,NA,0,JUDGES RETIREMENT SYSTEM,I,State Trust Funds,0,0,NA,NA,CONTRIBUTIONS BY EMPLOYER,CONTRIBUTIONS BY EMPLOYER,CONTRIBUTIONS BY EMPLOYER,51,.,NA,NA,NA,NA
2003,0479,589,0577,0,.,CONTRIBUTIONS BY EMPLOYER,378572976.16,rev IOC 13.08.02,NA,NA,NA,NA,0479,0479,0,NA,0,STATE EMPLOYEES RETIREMENT SYS,I,State Trust Funds,0,0,NA,NA,CONTRIBUTIONS BY EMPLOYER,CONTRIBUTIONS BY EMPLOYER,CONTRIBUTIONS BY EMPLOYER,51,.,NA,NA,NA,NA
2003,0481,131,0577,0,.,CONTRIBUTIONS BY EMPLOYER,4856628.15,rev IOC 13.08.02,NA,NA,NA,NA,0481,0481,0,NA,0,GENERAL ASSEMBLY RETIREMENT,I,State Trust Funds,0,0,NA,NA,CONTRIBUTIONS BY EMPLOYER,CONTRIBUTIONS BY EMPLOYER,CONTRIBUTIONS BY EMPLOYER,51,.,NA,NA,NA,NA
2003,0786,131,0577,0,.,CONTRIBUTIONS BY EMPLOYER,23819,rev IOC 13.08.02,NA,NA,NA,NA,0786,0786,0,NA,0,GENERAL ASSEMBLY RETIRE EXCESS,I,State Trust Funds,0,0,NA,NA,CONTRIBUTIONS BY EMPLOYER,CONTRIBUTIONS BY EMPLOYER,CONTRIBUTIONS BY EMPLOYER,51,.,NA,NA,NA,NA
2003,0787,275,0577,0,.,CONTRIBUTIONS BY EMPLOYER,136426,rev IOC 13.08.02,NA,NA,NA,NA,0787,0787,0,NA,0,JUDGES RETIRE EXCESS BENEFIT,I,State Trust Funds,0,0,NA,NA,CONTRIBUTIONS BY EMPLOYER,CONTRIBUTIONS BY EMPLOYER,CONTRIBUTIONS BY EMPLOYER,51,.,NA,NA,NA,NA
2003,0788,589,0577,0,.,CONTRIBUTIONS BY EMPLOYER,27267.91,rev IOC 13.08.02,NA,NA,NA,NA,0788,0788,0,NA,0,STATE EMPLOYEE EXCESS BENEFIT,I,State Trust Funds,0,0,NA,NA,CONTRIBUTIONS BY EMPLOYER,CONTRIBUTIONS BY EMPLOYER,CONTRIBUTIONS BY EMPLOYER,51,.,NA,NA,NA,NA
2003,0789,593,0577,0,.,CONTRIBUTIONS BY EMPLOYER,4000000,rev IOC 13.08.02,NA,NA,NA,NA,0789,0789,0,NA,0,TEACHER RETIRE SYS EX BENEFIT,I,State Trust Funds,0,0,NA,NA,CONTRIBUTIONS BY EMPLOYER,CONTRIBUTIONS BY EMPLOYER,CONTRIBUTIONS BY EMPLOYER,51,.,NA,NA,NA,NA
2004,0001,589,0577,0,.,CONTRIBUTIONS BY EMPLOYER,46578236.05,rev IOC 13.08.02,NA,NA,NA,NA,0001,0001,0,NA,1,GENERAL REVENUE,A,General Funds,1,1,NA,NA,CONTRIBUTIONS BY EMPLOYER,CONTRIBUTIONS BY EMPLOYER,CONTRIBUTIONS BY EMPLOYER,51,.,NA,NA,NA,NA
2004,0475,553,0577,0,.,CONTRIBUTIONS BY EMPLOYER,627902368.23,rev IOC 13.08.02,NA,NA,NA,NA,0475,0475,0,NA,0,IL MUNICIPAL RETIREMENT,I,State Trust Funds,0,0,NA,NA,CONTRIBUTIONS BY EMPLOYER,CONTRIBUTIONS BY EMPLOYER,CONTRIBUTIONS BY EMPLOYER,51,.,NA,NA,NA,NA
2004,0477,275,0577,0,.,CONTRIBUTIONS BY EMPLOYER,31026341.46,rev IOC 13.08.02,NA,NA,NA,NA,0477,0477,0,NA,0,JUDGES RETIREMENT SYSTEM,I,State Trust Funds,0,0,NA,NA,CONTRIBUTIONS BY EMPLOYER,CONTRIBUTIONS BY EMPLOYER,CONTRIBUTIONS BY EMPLOYER,51,.,NA,NA,NA,NA
2004,0479,589,0577,0,.,CONTRIBUTIONS BY EMPLOYER,322701142,rev IOC 13.08.02,NA,NA,NA,NA,0479,0479,0,NA,0,STATE EMPLOYEES RETIREMENT SYS,I,State Trust Funds,0,0,NA,NA,CONTRIBUTIONS BY EMPLOYER,CONTRIBUTIONS BY EMPLOYER,CONTRIBUTIONS BY EMPLOYER,51,.,NA,NA,NA,NA
2004,0481,131,0577,0,.,CONTRIBUTIONS BY EMPLOYER,4966171.29,rev IOC 13.08.02,NA,NA,NA,NA,0481,0481,0,NA,0,GENERAL ASSEMBLY RETIREMENT,I,State Trust Funds,0,0,NA,NA,CONTRIBUTIONS BY EMPLOYER,CONTRIBUTIONS BY EMPLOYER,CONTRIBUTIONS BY EMPLOYER,51,.,NA,NA,NA,NA
2004,0786,131,0577,0,.,CONTRIBUTIONS BY EMPLOYER,22100,rev IOC 13.08.02,NA,NA,NA,NA,0786,0786,0,NA,0,GENERAL ASSEMBLY RETIRE EXCESS,I,State Trust Funds,0,0,NA,NA,CONTRIBUTIONS BY EMPLOYER,CONTRIBUTIONS BY EMPLOYER,CONTRIBUTIONS BY EMPLOYER,51,.,NA,NA,NA,NA
2004,0787,275,0577,0,.,CONTRIBUTIONS BY EMPLOYER,144700,rev IOC 13.08.02,NA,NA,NA,NA,0787,0787,0,NA,0,JUDGES RETIRE EXCESS BENEFIT,I,State Trust Funds,0,0,NA,NA,CONTRIBUTIONS BY EMPLOYER,CONTRIBUTIONS BY EMPLOYER,CONTRIBUTIONS BY EMPLOYER,51,.,NA,NA,NA,NA
2004,0788,589,0577,0,.,CONTRIBUTIONS BY EMPLOYER,65700,rev IOC 13.08.02,NA,NA,NA,NA,0788,0788,0,NA,0,STATE EMPLOYEE EXCESS BENEFIT,I,State Trust Funds,0,0,NA,NA,CONTRIBUTIONS BY EMPLOYER,CONTRIBUTIONS BY EMPLOYER,CONTRIBUTIONS BY EMPLOYER,51,.,NA,NA,NA,NA
2004,0789,593,0577,0,.,CONTRIBUTIONS BY EMPLOYER,7000000,rev IOC 13.08.02,NA,NA,NA,NA,0789,0789,0,NA,0,TEACHER RETIRE SYS EX BENEFIT,I,State Trust Funds,0,0,NA,NA,CONTRIBUTIONS BY EMPLOYER,CONTRIBUTIONS BY EMPLOYER,CONTRIBUTIONS BY EMPLOYER,51,.,NA,NA,NA,NA
2005,0001,589,0577,0,.,CONTRIBUTIONS BY EMPLOYER,5420948.54,rev IOC 13.08.02,NA,NA,NA,NA,0001,0001,0,NA,1,GENERAL REVENUE,A,General Funds,1,1,NA,NA,CONTRIBUTIONS BY EMPLOYER,CONTRIBUTIONS BY EMPLOYER,CONTRIBUTIONS BY EMPLOYER,51,.,NA,NA,NA,NA
2005,0475,553,0577,0,.,CONTRIBUTIONS BY EMPLOYER,744438731.5,rev IOC 13.08.02,NA,NA,NA,NA,0475,0475,0,NA,0,IL MUNICIPAL RETIREMENT,I,State Trust Funds,0,0,NA,NA,CONTRIBUTIONS BY EMPLOYER,CONTRIBUTIONS BY EMPLOYER,CONTRIBUTIONS BY EMPLOYER,51,.,NA,NA,NA,NA
2005,0477,275,0577,0,.,CONTRIBUTIONS BY EMPLOYER,12408308.82,rev IOC 13.08.02,NA,NA,NA,NA,0477,0477,0,NA,0,JUDGES RETIREMENT SYSTEM,I,State Trust Funds,0,0,NA,NA,CONTRIBUTIONS BY EMPLOYER,CONTRIBUTIONS BY EMPLOYER,CONTRIBUTIONS BY EMPLOYER,51,.,NA,NA,NA,NA
2005,0479,589,0577,0,.,CONTRIBUTIONS BY EMPLOYER,616671139.17,rev IOC 13.08.02,NA,NA,NA,NA,0479,0479,0,NA,0,STATE EMPLOYEES RETIREMENT SYS,I,State Trust Funds,0,0,NA,NA,CONTRIBUTIONS BY EMPLOYER,CONTRIBUTIONS BY EMPLOYER,CONTRIBUTIONS BY EMPLOYER,51,.,NA,NA,NA,NA
2005,0481,131,0577,0,.,CONTRIBUTIONS BY EMPLOYER,1814734,rev IOC 13.08.02,NA,NA,NA,NA,0481,0481,0,NA,0,GENERAL ASSEMBLY RETIREMENT,I,State Trust Funds,0,0,NA,NA,CONTRIBUTIONS BY EMPLOYER,CONTRIBUTIONS BY EMPLOYER,CONTRIBUTIONS BY EMPLOYER,51,.,NA,NA,NA,NA
2005,0786,131,0577,0,.,CONTRIBUTIONS BY EMPLOYER,23600,rev IOC 13.08.02,NA,NA,NA,NA,0786,0786,0,NA,0,GENERAL ASSEMBLY RETIRE EXCESS,I,State Trust Funds,0,0,NA,NA,CONTRIBUTIONS BY EMPLOYER,CONTRIBUTIONS BY EMPLOYER,CONTRIBUTIONS BY EMPLOYER,51,.,NA,NA,NA,NA
2005,0787,275,0577,0,.,CONTRIBUTIONS BY EMPLOYER,218700,rev IOC 13.08.02,NA,NA,NA,NA,0787,0787,0,NA,0,JUDGES RETIRE EXCESS BENEFIT,I,State Trust Funds,0,0,NA,NA,CONTRIBUTIONS BY EMPLOYER,CONTRIBUTIONS BY EMPLOYER,CONTRIBUTIONS BY EMPLOYER,51,.,NA,NA,NA,NA
2005,0788,589,0577,0,.,CONTRIBUTIONS BY EMPLOYER,56950,rev IOC 13.08.02,NA,NA,NA,NA,0788,0788,0,NA,0,STATE EMPLOYEE EXCESS BENEFIT,I,State Trust Funds,0,0,NA,NA,CONTRIBUTIONS BY EMPLOYER,CONTRIBUTIONS BY EMPLOYER,CONTRIBUTIONS BY EMPLOYER,51,.,NA,NA,NA,NA
2006,0475,553,0577,0,.,CONTRIBUTIONS BY EMPLOYER,838198476.58,rev IOC 13.08.02,NA,NA,NA,NA,0475,0475,0,NA,0,IL MUNICIPAL RETIREMENT,I,State Trust Funds,0,0,NA,NA,CONTRIBUTIONS BY EMPLOYER,CONTRIBUTIONS BY EMPLOYER,CONTRIBUTIONS BY EMPLOYER,51,.,NA,NA,NA,NA
2006,0477,275,0577,0,.,CONTRIBUTIONS BY EMPLOYER,31637110.96,rev IOC 13.08.02,NA,NA,NA,NA,0477,0477,0,NA,0,JUDGES RETIREMENT SYSTEM,I,State Trust Funds,0,0,NA,NA,CONTRIBUTIONS BY EMPLOYER,CONTRIBUTIONS BY EMPLOYER,CONTRIBUTIONS BY EMPLOYER,51,.,NA,NA,NA,NA
2006,0479,589,0577,0,.,CONTRIBUTIONS BY EMPLOYER,288333284.23,rev IOC 13.08.02,NA,NA,NA,NA,0479,0479,0,NA,0,STATE EMPLOYEES RETIREMENT SYS,I,State Trust Funds,0,0,NA,NA,CONTRIBUTIONS BY EMPLOYER,CONTRIBUTIONS BY EMPLOYER,CONTRIBUTIONS BY EMPLOYER,51,.,NA,NA,NA,NA
2006,0481,131,0577,0,.,CONTRIBUTIONS BY EMPLOYER,4523756.39,rev IOC 13.08.02,NA,NA,NA,NA,0481,0481,0,NA,0,GENERAL ASSEMBLY RETIREMENT,I,State Trust Funds,0,0,NA,NA,CONTRIBUTIONS BY EMPLOYER,CONTRIBUTIONS BY EMPLOYER,CONTRIBUTIONS BY EMPLOYER,51,.,NA,NA,NA,NA
2006,0786,131,0577,0,.,CONTRIBUTIONS BY EMPLOYER,19300,rev IOC 13.08.02,NA,NA,NA,NA,0786,0786,0,NA,0,GENERAL ASSEMBLY RETIRE EXCESS,I,State Trust Funds,0,0,NA,NA,CONTRIBUTIONS BY EMPLOYER,CONTRIBUTIONS BY EMPLOYER,CONTRIBUTIONS BY EMPLOYER,51,.,NA,NA,NA,NA
2006,0787,275,0577,0,.,CONTRIBUTIONS BY EMPLOYER,215800,rev IOC 13.08.02,NA,NA,NA,NA,0787,0787,0,NA,0,JUDGES RETIRE EXCESS BENEFIT,I,State Trust Funds,0,0,NA,NA,CONTRIBUTIONS BY EMPLOYER,CONTRIBUTIONS BY EMPLOYER,CONTRIBUTIONS BY EMPLOYER,51,.,NA,NA,NA,NA
2006,0788,589,0577,0,.,CONTRIBUTIONS BY EMPLOYER,58924.32,rev IOC 13.08.02,NA,NA,NA,NA,0788,0788,0,NA,0,STATE EMPLOYEE EXCESS BENEFIT,I,State Trust Funds,0,0,NA,NA,CONTRIBUTIONS BY EMPLOYER,CONTRIBUTIONS BY EMPLOYER,CONTRIBUTIONS BY EMPLOYER,51,.,NA,NA,NA,NA
2007,0475,553,0577,0,9999,CONTRIBUTIONS BY EMPLOYER,888180105.44,rev IOC 13.08.02,NA,NA,NA,NA,0475,0475,0,NA,0,IL MUNICIPAL RETIREMENT,I,State Trust Funds,0,0,NA,NA,CONTRIBUTIONS BY EMPLOYER,CONTRIBUTIONS BY EMPLOYER,CONTRIBUTIONS BY EMPLOYER,51,.,NA,NA,NA,NA
2007,0477,275,0577,0,9999,CONTRIBUTIONS BY EMPLOYER,35006700,rev IOC 13.08.02,NA,NA,NA,NA,0477,0477,0,NA,0,JUDGES RETIREMENT SYSTEM,I,State Trust Funds,0,0,NA,NA,CONTRIBUTIONS BY EMPLOYER,CONTRIBUTIONS BY EMPLOYER,CONTRIBUTIONS BY EMPLOYER,51,.,NA,NA,NA,NA
2007,0479,589,0577,0,9999,CONTRIBUTIONS BY EMPLOYER,428977164.74,rev IOC 13.08.02,NA,NA,NA,NA,0479,0479,0,NA,0,STATE EMPLOYEES RETIREMENT SYS,I,State Trust Funds,0,0,NA,NA,CONTRIBUTIONS BY EMPLOYER,CONTRIBUTIONS BY EMPLOYER,CONTRIBUTIONS BY EMPLOYER,51,.,NA,NA,NA,NA
2007,0481,131,0577,0,9999,CONTRIBUTIONS BY EMPLOYER,5414935.36,rev IOC 13.08.02,NA,NA,NA,NA,0481,0481,0,NA,0,GENERAL ASSEMBLY RETIREMENT,I,State Trust Funds,0,0,NA,NA,CONTRIBUTIONS BY EMPLOYER,CONTRIBUTIONS BY EMPLOYER,CONTRIBUTIONS BY EMPLOYER,51,.,NA,NA,NA,NA
2007,0786,131,0577,0,9999,CONTRIBUTIONS BY EMPLOYER,21400,rev IOC 13.08.02,NA,NA,NA,NA,0786,0786,0,NA,0,GENERAL ASSEMBLY RETIRE EXCESS,I,State Trust Funds,0,0,NA,NA,CONTRIBUTIONS BY EMPLOYER,CONTRIBUTIONS BY EMPLOYER,CONTRIBUTIONS BY EMPLOYER,51,.,NA,NA,NA,NA
2007,0787,275,0577,0,9999,CONTRIBUTIONS BY EMPLOYER,230100,rev IOC 13.08.02,NA,NA,NA,NA,0787,0787,0,NA,0,JUDGES RETIRE EXCESS BENEFIT,I,State Trust Funds,0,0,NA,NA,CONTRIBUTIONS BY EMPLOYER,CONTRIBUTIONS BY EMPLOYER,CONTRIBUTIONS BY EMPLOYER,51,.,NA,NA,NA,NA
2007,0788,589,0577,0,9999,CONTRIBUTIONS BY EMPLOYER,53675,rev IOC 13.08.02,NA,NA,NA,NA,0788,0788,0,NA,0,STATE EMPLOYEE EXCESS BENEFIT,I,State Trust Funds,0,0,NA,NA,CONTRIBUTIONS BY EMPLOYER,CONTRIBUTIONS BY EMPLOYER,CONTRIBUTIONS BY EMPLOYER,51,.,NA,NA,NA,NA
2008,0475,553,0577,0,9999,CONTRIBUTIONS BY EMPLOYER,951724062.33,rev IOC 13.08.02,NA,NA,NA,NA,0475,0475,0,NA,0,IL MUNICIPAL RETIREMENT,I,State Trust Funds,0,0,NA,NA,CONTRIBUTIONS BY EMPLOYER,CONTRIBUTIONS BY EMPLOYER,CONTRIBUTIONS BY EMPLOYER,51,.,NA,NA,NA,NA
2008,0477,275,0577,0,9999,CONTRIBUTIONS BY EMPLOYER,42821457.3,rev IOC 13.08.02,NA,NA,NA,NA,0477,0477,0,NA,0,JUDGES RETIREMENT SYSTEM,I,State Trust Funds,0,0,NA,NA,CONTRIBUTIONS BY EMPLOYER,CONTRIBUTIONS BY EMPLOYER,CONTRIBUTIONS BY EMPLOYER,51,.,NA,NA,NA,NA
2008,0479,589,0577,0,9999,CONTRIBUTIONS BY EMPLOYER,653904437.31,rev IOC 13.08.02,NA,NA,NA,NA,0479,0479,0,NA,0,STATE EMPLOYEES RETIREMENT SYS,I,State Trust Funds,0,0,NA,NA,CONTRIBUTIONS BY EMPLOYER,CONTRIBUTIONS BY EMPLOYER,CONTRIBUTIONS BY EMPLOYER,51,.,NA,NA,NA,NA
2008,0481,131,0577,0,9999,CONTRIBUTIONS BY EMPLOYER,6227417,rev IOC 13.08.02,NA,NA,NA,NA,0481,0481,0,NA,0,GENERAL ASSEMBLY RETIREMENT,I,State Trust Funds,0,0,NA,NA,CONTRIBUTIONS BY EMPLOYER,CONTRIBUTIONS BY EMPLOYER,CONTRIBUTIONS BY EMPLOYER,51,.,NA,NA,NA,NA
2008,0786,131,0577,0,9999,CONTRIBUTIONS BY EMPLOYER,14900,rev IOC 13.08.02,NA,NA,NA,NA,0786,0786,0,NA,0,GENERAL ASSEMBLY RETIRE EXCESS,I,State Trust Funds,0,0,NA,NA,CONTRIBUTIONS BY EMPLOYER,CONTRIBUTIONS BY EMPLOYER,CONTRIBUTIONS BY EMPLOYER,51,.,NA,NA,NA,NA
2008,0787,275,0577,0,9999,CONTRIBUTIONS BY EMPLOYER,207000,rev IOC 13.08.02,NA,NA,NA,NA,0787,0787,0,NA,0,JUDGES RETIRE EXCESS BENEFIT,I,State Trust Funds,0,0,NA,NA,CONTRIBUTIONS BY EMPLOYER,CONTRIBUTIONS BY EMPLOYER,CONTRIBUTIONS BY EMPLOYER,51,.,NA,NA,NA,NA
2008,0788,589,0577,0,9999,CONTRIBUTIONS BY EMPLOYER,41200,rev IOC 13.08.02,NA,NA,NA,NA,0788,0788,0,NA,0,STATE EMPLOYEE EXCESS BENEFIT,I,State Trust Funds,0,0,NA,NA,CONTRIBUTIONS BY EMPLOYER,CONTRIBUTIONS BY EMPLOYER,CONTRIBUTIONS BY EMPLOYER,51,.,NA,NA,NA,NA
2009,0475,553,0577,0,9999,CONTRIBUTIONS BY EMPLOYER,965304834.05,rev IOC 13.08.02,NA,NA,NA,NA,0475,0475,0,NA,0,IL MUNICIPAL RETIREMENT,I,State Trust Funds,0,0,NA,NA,CONTRIBUTIONS BY EMPLOYER,CONTRIBUTIONS BY EMPLOYER,CONTRIBUTIONS BY EMPLOYER,51,.,NA,NA,NA,NA
2009,0477,275,0577,0,9999,CONTRIBUTIONS BY EMPLOYER,38852127,rev IOC 13.08.02,NA,NA,NA,NA,0477,0477,0,NA,0,JUDGES RETIREMENT SYSTEM,I,State Trust Funds,0,0,NA,NA,CONTRIBUTIONS BY EMPLOYER,CONTRIBUTIONS BY EMPLOYER,CONTRIBUTIONS BY EMPLOYER,51,.,NA,NA,NA,NA
2009,0479,589,0577,0,9999,CONTRIBUTIONS BY EMPLOYER,843157061.81,rev IOC 13.08.02,NA,NA,NA,NA,0479,0479,0,NA,0,STATE EMPLOYEES RETIREMENT SYS,I,State Trust Funds,0,0,NA,NA,CONTRIBUTIONS BY EMPLOYER,CONTRIBUTIONS BY EMPLOYER,CONTRIBUTIONS BY EMPLOYER,51,.,NA,NA,NA,NA
2009,0481,131,0577,0,9999,CONTRIBUTIONS BY EMPLOYER,5724855.26,rev IOC 13.08.02,NA,NA,NA,NA,0481,0481,0,NA,0,GENERAL ASSEMBLY RETIREMENT,I,State Trust Funds,0,0,NA,NA,CONTRIBUTIONS BY EMPLOYER,CONTRIBUTIONS BY EMPLOYER,CONTRIBUTIONS BY EMPLOYER,51,.,NA,NA,NA,NA
2009,0786,131,0577,0,9999,CONTRIBUTIONS BY EMPLOYER,12800,rev IOC 13.08.02,NA,NA,NA,NA,0786,0786,0,NA,0,GENERAL ASSEMBLY RETIRE EXCESS,I,State Trust Funds,0,0,NA,NA,CONTRIBUTIONS BY EMPLOYER,CONTRIBUTIONS BY EMPLOYER,CONTRIBUTIONS BY EMPLOYER,51,.,NA,NA,NA,NA
2009,0787,275,0577,0,9999,CONTRIBUTIONS BY EMPLOYER,244000,rev IOC 13.08.02,NA,NA,NA,NA,0787,0787,0,NA,0,JUDGES RETIRE EXCESS BENEFIT,I,State Trust Funds,0,0,NA,NA,CONTRIBUTIONS BY EMPLOYER,CONTRIBUTIONS BY EMPLOYER,CONTRIBUTIONS BY EMPLOYER,51,.,NA,NA,NA,NA
2009,0788,589,0577,0,9999,CONTRIBUTIONS BY EMPLOYER,62810,rev IOC 13.08.02,NA,NA,NA,NA,0788,0788,0,NA,0,STATE EMPLOYEE EXCESS BENEFIT,I,State Trust Funds,0,0,NA,NA,CONTRIBUTIONS BY EMPLOYER,CONTRIBUTIONS BY EMPLOYER,CONTRIBUTIONS BY EMPLOYER,51,.,NA,NA,NA,NA
2010,0475,553,0577,0,9999,CONTRIBUTIONS BY EMPLOYER,1018348502.49,rev IOC 13.08.02,NA,NA,NA,NA,0475,0475,0,NA,0,IL MUNICIPAL RETIREMENT,I,State Trust Funds,0,0,NA,NA,CONTRIBUTIONS BY EMPLOYER,CONTRIBUTIONS BY EMPLOYER,CONTRIBUTIONS BY EMPLOYER,51,.,NA,NA,NA,NA
2010,0477,275,0577,0,9999,CONTRIBUTIONS BY EMPLOYER,24830915,rev IOC 13.08.02,NA,NA,NA,NA,0477,0477,0,NA,0,JUDGES RETIREMENT SYSTEM,I,State Trust Funds,0,0,NA,NA,CONTRIBUTIONS BY EMPLOYER,CONTRIBUTIONS BY EMPLOYER,CONTRIBUTIONS BY EMPLOYER,51,.,NA,NA,NA,NA
2010,0479,589,0577,0,9999,CONTRIBUTIONS BY EMPLOYER,418136199.16,rev IOC 13.08.02,NA,NA,NA,NA,0479,0479,0,NA,0,STATE EMPLOYEES RETIREMENT SYS,I,State Trust Funds,0,0,NA,NA,CONTRIBUTIONS BY EMPLOYER,CONTRIBUTIONS BY EMPLOYER,CONTRIBUTIONS BY EMPLOYER,51,.,NA,NA,NA,NA
2010,0481,131,0577,0,9999,CONTRIBUTIONS BY EMPLOYER,3676250,rev IOC 13.08.02,NA,NA,NA,NA,0481,0481,0,NA,0,GENERAL ASSEMBLY RETIREMENT,I,State Trust Funds,0,0,NA,NA,CONTRIBUTIONS BY EMPLOYER,CONTRIBUTIONS BY EMPLOYER,CONTRIBUTIONS BY EMPLOYER,51,.,NA,NA,NA,NA
2010,0786,131,0577,0,9999,CONTRIBUTIONS BY EMPLOYER,10000,rev IOC 13.08.02,NA,NA,NA,NA,0786,0786,0,NA,0,GENERAL ASSEMBLY RETIRE EXCESS,I,State Trust Funds,0,0,NA,NA,CONTRIBUTIONS BY EMPLOYER,CONTRIBUTIONS BY EMPLOYER,CONTRIBUTIONS BY EMPLOYER,51,.,NA,NA,NA,NA
2010,0787,275,0577,0,9999,CONTRIBUTIONS BY EMPLOYER,162000,rev IOC 13.08.02,NA,NA,NA,NA,0787,0787,0,NA,0,JUDGES RETIRE EXCESS BENEFIT,I,State Trust Funds,0,0,NA,NA,CONTRIBUTIONS BY EMPLOYER,CONTRIBUTIONS BY EMPLOYER,CONTRIBUTIONS BY EMPLOYER,51,.,NA,NA,NA,NA
2010,0788,589,0577,0,9999,CONTRIBUTIONS BY EMPLOYER,60250,rev IOC 13.08.02,NA,NA,NA,NA,0788,0788,0,NA,0,STATE EMPLOYEE EXCESS BENEFIT,I,State Trust Funds,0,0,NA,NA,CONTRIBUTIONS BY EMPLOYER,CONTRIBUTIONS BY EMPLOYER,CONTRIBUTIONS BY EMPLOYER,51,.,NA,NA,NA,NA
2011,0475,553,0577,0,9999,CONTRIBUTIONS BY EMPLOYER,1114451332.6,rev IOC 13.08.02,NA,NA,NA,NA,0475,0475,0,NA,0,IL MUNICIPAL RETIREMENT,I,State Trust Funds,0,0,NA,NA,CONTRIBUTIONS BY EMPLOYER,CONTRIBUTIONS BY EMPLOYER,CONTRIBUTIONS BY EMPLOYER,51,.,NA,NA,NA,NA
2011,0477,275,0577,0,9999,CONTRIBUTIONS BY EMPLOYER,14911901.14,rev IOC 13.08.02,NA,NA,NA,NA,0477,0477,0,NA,0,JUDGES RETIREMENT SYSTEM,I,State Trust Funds,0,0,NA,NA,CONTRIBUTIONS BY EMPLOYER,CONTRIBUTIONS BY EMPLOYER,CONTRIBUTIONS BY EMPLOYER,51,.,NA,NA,NA,NA
2011,0479,589,0577,0,9999,CONTRIBUTIONS BY EMPLOYER,460421820.53,rev IOC 13.08.02,NA,NA,NA,NA,0479,0479,0,NA,0,STATE EMPLOYEES RETIREMENT SYS,I,State Trust Funds,0,0,NA,NA,CONTRIBUTIONS BY EMPLOYER,CONTRIBUTIONS BY EMPLOYER,CONTRIBUTIONS BY EMPLOYER,51,.,NA,NA,NA,NA
2011,0481,131,0577,0,9999,CONTRIBUTIONS BY EMPLOYER,2121781.28,rev IOC 13.08.02,NA,NA,NA,NA,0481,0481,0,NA,0,GENERAL ASSEMBLY RETIREMENT,I,State Trust Funds,0,0,NA,NA,CONTRIBUTIONS BY EMPLOYER,CONTRIBUTIONS BY EMPLOYER,CONTRIBUTIONS BY EMPLOYER,51,.,NA,NA,NA,NA
2011,0786,131,0577,0,9999,CONTRIBUTIONS BY EMPLOYER,38000,rev IOC 13.08.02,NA,NA,NA,NA,0786,0786,0,NA,0,GENERAL ASSEMBLY RETIRE EXCESS,I,State Trust Funds,0,0,NA,NA,CONTRIBUTIONS BY EMPLOYER,CONTRIBUTIONS BY EMPLOYER,CONTRIBUTIONS BY EMPLOYER,51,.,NA,NA,NA,NA
2011,0787,275,0577,0,9999,CONTRIBUTIONS BY EMPLOYER,574000,rev IOC 13.08.02,NA,NA,NA,NA,0787,0787,0,NA,0,JUDGES RETIRE EXCESS BENEFIT,I,State Trust Funds,0,0,NA,NA,CONTRIBUTIONS BY EMPLOYER,CONTRIBUTIONS BY EMPLOYER,CONTRIBUTIONS BY EMPLOYER,51,.,NA,NA,NA,NA
2011,0788,589,0577,0,9999,CONTRIBUTIONS BY EMPLOYER,23575,rev IOC 13.08.02,NA,NA,NA,NA,0788,0788,0,NA,0,STATE EMPLOYEE EXCESS BENEFIT,I,State Trust Funds,0,0,NA,NA,CONTRIBUTIONS BY EMPLOYER,CONTRIBUTIONS BY EMPLOYER,CONTRIBUTIONS BY EMPLOYER,51,.,NA,NA,NA,NA
2012,0475,553,0577,0,9999,CONTRIBUTIONS BY EMPLOYER,1164581661.18,rev IOC 13.08.02,NA,NA,NA,NA,0475,0475,0,NA,0,IL MUNICIPAL RETIREMENT,I,State Trust Funds,0,0,NA,NA,CONTRIBUTIONS BY EMPLOYER,CONTRIBUTIONS BY EMPLOYER,CONTRIBUTIONS BY EMPLOYER,51,.,NA,NA,NA,NA
2012,0477,275,0577,0,9999,CONTRIBUTIONS BY EMPLOYER,54977196.16,rev IOC 13.08.02,NA,NA,NA,NA,0477,0477,0,NA,0,JUDGES RETIREMENT SYSTEM,I,State Trust Funds,0,0,NA,NA,CONTRIBUTIONS BY EMPLOYER,CONTRIBUTIONS BY EMPLOYER,CONTRIBUTIONS BY EMPLOYER,51,.,NA,NA,NA,NA
2012,0479,589,0577,0,9999,CONTRIBUTIONS BY EMPLOYER,1299400875.42,rev IOC 13.08.02,NA,NA,NA,NA,0479,0479,0,NA,0,STATE EMPLOYEES RETIREMENT SYS,I,State Trust Funds,0,0,NA,NA,CONTRIBUTIONS BY EMPLOYER,CONTRIBUTIONS BY EMPLOYER,CONTRIBUTIONS BY EMPLOYER,51,.,NA,NA,NA,NA
2012,0481,131,0577,0,9999,CONTRIBUTIONS BY EMPLOYER,9149260,rev IOC 13.08.02,NA,NA,NA,NA,0481,0481,0,NA,0,GENERAL ASSEMBLY RETIREMENT,I,State Trust Funds,0,0,NA,NA,CONTRIBUTIONS BY EMPLOYER,CONTRIBUTIONS BY EMPLOYER,CONTRIBUTIONS BY EMPLOYER,51,.,NA,NA,NA,NA
2012,0786,131,0577,0,9999,CONTRIBUTIONS BY EMPLOYER,40000,rev IOC 13.08.02,NA,NA,NA,NA,0786,0786,0,NA,0,GENERAL ASSEMBLY RETIRE EXCESS,I,State Trust Funds,0,0,NA,NA,CONTRIBUTIONS BY EMPLOYER,CONTRIBUTIONS BY EMPLOYER,CONTRIBUTIONS BY EMPLOYER,51,.,NA,NA,NA,NA
2012,0787,275,0577,0,9999,CONTRIBUTIONS BY EMPLOYER,755000,rev IOC 13.08.02,NA,NA,NA,NA,0787,0787,0,NA,0,JUDGES RETIRE EXCESS BENEFIT,I,State Trust Funds,0,0,NA,NA,CONTRIBUTIONS BY EMPLOYER,CONTRIBUTIONS BY EMPLOYER,CONTRIBUTIONS BY EMPLOYER,51,.,NA,NA,NA,NA
2012,0788,589,0577,0,9999,CONTRIBUTIONS BY EMPLOYER,63330,rev IOC 13.08.02,NA,NA,NA,NA,0788,0788,0,NA,0,STATE EMPLOYEE EXCESS BENEFIT,I,State Trust Funds,0,0,NA,NA,CONTRIBUTIONS BY EMPLOYER,CONTRIBUTIONS BY EMPLOYER,CONTRIBUTIONS BY EMPLOYER,51,.,NA,NA,NA,NA
2013,0475,553,0577,0,9999,CONTRIBUTIONS BY EMPLOYER,1249277163.99,rev IOC 13.08.02,NA,NA,NA,NA,0475,0475,0,NA,0,IL MUNICIPAL RETIREMENT,I,State Trust Funds,0,0,NA,NA,CONTRIBUTIONS BY EMPLOYER,CONTRIBUTIONS BY EMPLOYER,CONTRIBUTIONS BY EMPLOYER,51,.,NA,NA,NA,NA
2013,0477,275,0577,0,9999,CONTRIBUTIONS BY EMPLOYER,88090203.97,rev IOC 13.08.02,NA,NA,NA,NA,0477,0477,0,NA,0,JUDGES RETIREMENT SYSTEM,I,State Trust Funds,0,0,NA,NA,CONTRIBUTIONS BY EMPLOYER,CONTRIBUTIONS BY EMPLOYER,CONTRIBUTIONS BY EMPLOYER,51,.,NA,NA,NA,NA
2013,0479,589,0577,0,9999,CONTRIBUTIONS BY EMPLOYER,1632943084.84,rev IOC 13.08.02,NA,NA,NA,NA,0479,0479,0,NA,0,STATE EMPLOYEES RETIREMENT SYS,I,State Trust Funds,0,0,NA,NA,CONTRIBUTIONS BY EMPLOYER,CONTRIBUTIONS BY EMPLOYER,CONTRIBUTIONS BY EMPLOYER,51,.,NA,NA,NA,NA
2013,0481,131,0577,0,9999,CONTRIBUTIONS BY EMPLOYER,14240540,rev IOC 13.08.02,NA,NA,NA,NA,0481,0481,0,NA,0,GENERAL ASSEMBLY RETIREMENT,I,State Trust Funds,0,0,NA,NA,CONTRIBUTIONS BY EMPLOYER,CONTRIBUTIONS BY EMPLOYER,CONTRIBUTIONS BY EMPLOYER,51,.,NA,NA,NA,NA
2013,0786,131,0577,0,9999,CONTRIBUTIONS BY EMPLOYER,43000,rev IOC 13.08.02,NA,NA,NA,NA,0786,0786,0,NA,0,GENERAL ASSEMBLY RETIRE EXCESS,I,State Trust Funds,0,0,NA,NA,CONTRIBUTIONS BY EMPLOYER,CONTRIBUTIONS BY EMPLOYER,CONTRIBUTIONS BY EMPLOYER,51,.,NA,NA,NA,NA
2013,0787,275,0577,0,9999,CONTRIBUTIONS BY EMPLOYER,752000,rev IOC 13.08.02,NA,NA,NA,NA,0787,0787,0,NA,0,JUDGES RETIRE EXCESS BENEFIT,I,State Trust Funds,0,0,NA,NA,CONTRIBUTIONS BY EMPLOYER,CONTRIBUTIONS BY EMPLOYER,CONTRIBUTIONS BY EMPLOYER,51,.,NA,NA,NA,NA
2013,0788,589,0577,0,9999,CONTRIBUTIONS BY EMPLOYER,179632.56,rev IOC 13.08.02,NA,NA,NA,NA,0788,0788,0,NA,0,STATE EMPLOYEE EXCESS BENEFIT,I,State Trust Funds,0,0,NA,NA,CONTRIBUTIONS BY EMPLOYER,CONTRIBUTIONS BY EMPLOYER,CONTRIBUTIONS BY EMPLOYER,51,.,NA,NA,NA,NA
2014,0475,553,0577,0,9999,CONTRIBUTIONS BY EMPLOYER,1286016615.88,rev IOC 15.09.28,IL MUNICIPAL RETIREMENT,IL MUNICIPAL RETIREMENT FUND,NA,NA,0475,0475,0,NA,0,IL MUNICIPAL RETIREMENT,I,State Trust Funds,0,0,NA,NA,CONTRIBUTIONS BY EMPLOYER,CONTRIBUTIONS BY EMPLOYER,CONTRIBUTIONS BY EMPLOYER,51,.,NA,NA,NA,NA
2014,0477,275,0577,0,9999,CONTRIBUTIONS BY EMPLOYER,133410854.53,rev IOC 15.09.28,JUDGES RETIREMENT SYSTEM,JUDGES RETIREMENT SYSTEM,NA,NA,0477,0477,0,NA,0,JUDGES RETIREMENT SYSTEM,I,State Trust Funds,0,0,NA,NA,CONTRIBUTIONS BY EMPLOYER,CONTRIBUTIONS BY EMPLOYER,CONTRIBUTIONS BY EMPLOYER,51,.,NA,NA,NA,NA
2014,0479,589,0577,0,9999,CONTRIBUTIONS BY EMPLOYER,1818830599.89,rev IOC 15.09.28,STATE EMPLOYEES RETIREMENT SYS,STATE EMPLOYEES' RETIRE SYSTEM,NA,NA,0479,0479,0,NA,0,STATE EMPLOYEES RETIREMENT SYS,I,State Trust Funds,0,0,NA,NA,CONTRIBUTIONS BY EMPLOYER,CONTRIBUTIONS BY EMPLOYER,CONTRIBUTIONS BY EMPLOYER,51,.,NA,NA,NA,NA
2014,0481,131,0577,0,9999,CONTRIBUTIONS BY EMPLOYER,15090868.64,rev IOC 15.09.28,GENERAL ASSEMBLY RETIREMENT,GENERAL ASSEMBLY RETIRE SYS,NA,NA,0481,0481,0,NA,0,GENERAL ASSEMBLY RETIREMENT,I,State Trust Funds,0,0,NA,NA,CONTRIBUTIONS BY EMPLOYER,CONTRIBUTIONS BY EMPLOYER,CONTRIBUTIONS BY EMPLOYER,51,.,NA,NA,NA,NA
2014,0786,131,0577,0,9999,CONTRIBUTIONS BY EMPLOYER,45000,rev IOC 15.09.28,GENERAL ASSEMBLY RETIRE EXCESS,GENERAL ASSEMBLY RETIRE SYS,NA,NA,0786,0786,0,NA,0,GENERAL ASSEMBLY RETIRE EXCESS,I,State Trust Funds,0,0,NA,NA,CONTRIBUTIONS BY EMPLOYER,CONTRIBUTIONS BY EMPLOYER,CONTRIBUTIONS BY EMPLOYER,51,.,NA,NA,NA,NA
2014,0787,275,0577,0,9999,CONTRIBUTIONS BY EMPLOYER,750000,rev IOC 15.09.28,JUDGES RETIRE EXCESS BENEFIT,JUDGES RETIREMENT SYSTEM,NA,NA,0787,0787,0,NA,0,JUDGES RETIRE EXCESS BENEFIT,I,State Trust Funds,0,0,NA,NA,CONTRIBUTIONS BY EMPLOYER,CONTRIBUTIONS BY EMPLOYER,CONTRIBUTIONS BY EMPLOYER,51,.,NA,NA,NA,NA
2014,0788,589,0577,0,9999,CONTRIBUTIONS BY EMPLOYER,156438,rev IOC 15.09.28,STATE EMPLOYEE EXCESS BENEFIT,STATE EMPLOYEES' RETIRE SYSTEM,NA,NA,0788,0788,0,NA,0,STATE EMPLOYEE EXCESS BENEFIT,I,State Trust Funds,0,0,NA,NA,CONTRIBUTIONS BY EMPLOYER,CONTRIBUTIONS BY EMPLOYER,CONTRIBUTIONS BY EMPLOYER,51,.,NA,NA,NA,NA
2015,0475,553,0577,0,9999,CONTRIBUTIONS BY EMPLOYER,1269576106.77,rev ioc 16.01.07,IL MUNICIPAL RETIREMENT,IL MUNICIPAL RETIREMENT FUND,NA,NA,0475,0475,0,NA,0,IL MUNICIPAL RETIREMENT,I,State Trust Funds,0,0,NA,NA,CONTRIBUTIONS BY EMPLOYER,CONTRIBUTIONS BY EMPLOYER,CONTRIBUTIONS BY EMPLOYER,51,.,NA,NA,NA,NA
2015,0477,275,0577,0,9999,CONTRIBUTIONS BY EMPLOYER,132890580.18,rev ioc 16.01.07,JUDGES RETIREMENT SYSTEM,JUDGES RETIREMENT SYSTEM,NA,NA,0477,0477,0,NA,0,JUDGES RETIREMENT SYSTEM,I,State Trust Funds,0,0,NA,NA,CONTRIBUTIONS BY EMPLOYER,CONTRIBUTIONS BY EMPLOYER,CONTRIBUTIONS BY EMPLOYER,51,.,NA,NA,NA,NA
2015,0479,589,0577,0,9999,CONTRIBUTIONS BY EMPLOYER,1803966914.36,rev ioc 16.01.07,STATE EMPLOYEES RETIREMENT SYS,STATE EMPLOYEES' RETIRE SYSTEM,NA,NA,0479,0479,0,NA,0,STATE EMPLOYEES RETIREMENT SYS,I,State Trust Funds,0,0,NA,NA,CONTRIBUTIONS BY EMPLOYER,CONTRIBUTIONS BY EMPLOYER,CONTRIBUTIONS BY EMPLOYER,51,.,NA,NA,NA,NA
2015,0481,131,0577,0,9999,CONTRIBUTIONS BY EMPLOYER,15805897.24,rev ioc 16.01.07,GENERAL ASSEMBLY RETIREMENT,GENERAL ASSEMBLY RETIRE SYS,NA,NA,0481,0481,0,NA,0,GENERAL ASSEMBLY RETIREMENT,I,State Trust Funds,0,0,NA,NA,CONTRIBUTIONS BY EMPLOYER,CONTRIBUTIONS BY EMPLOYER,CONTRIBUTIONS BY EMPLOYER,51,.,NA,NA,NA,NA
2015,0786,131,0577,0,9999,CONTRIBUTIONS BY EMPLOYER,63000,rev ioc 16.01.07,GENERAL ASSEMBLY RETIRE EXCESS,GENERAL ASSEMBLY RETIRE SYS,NA,NA,0786,0786,0,NA,0,GENERAL ASSEMBLY RETIRE EXCESS,I,State Trust Funds,0,0,NA,NA,CONTRIBUTIONS BY EMPLOYER,CONTRIBUTIONS BY EMPLOYER,CONTRIBUTIONS BY EMPLOYER,51,.,NA,NA,NA,NA
2015,0787,275,0577,0,9999,CONTRIBUTIONS BY EMPLOYER,1155000,rev ioc 16.01.07,JUDGES RETIRE EXCESS BENEFIT,JUDGES RETIREMENT SYSTEM,NA,NA,0787,0787,0,NA,0,JUDGES RETIRE EXCESS BENEFIT,I,State Trust Funds,0,0,NA,NA,CONTRIBUTIONS BY EMPLOYER,CONTRIBUTIONS BY EMPLOYER,CONTRIBUTIONS BY EMPLOYER,51,.,NA,NA,NA,NA
2015,0788,589,0577,0,9999,CONTRIBUTIONS BY EMPLOYER,450168.71,rev ioc 16.01.07,STATE EMPLOYEE EXCESS BENEFIT,STATE EMPLOYEES' RETIRE SYSTEM,NA,NA,0788,0788,0,NA,0,STATE EMPLOYEE EXCESS BENEFIT,I,State Trust Funds,0,0,NA,NA,CONTRIBUTIONS BY EMPLOYER,CONTRIBUTIONS BY EMPLOYER,CONTRIBUTIONS BY EMPLOYER,51,.,NA,NA,NA,NA
2016,0477,275,0577,0,9999,CONTRIBUTIONS BY EMPLOYER,130335000,rev ioc 16.08.04,JUDGES RETIREMENT SYSTEM,JUDGES RETIREMENT SYSTEM,NA,NA,0477,0477,0,NA,0,JUDGES RETIREMENT SYSTEM,I,State Trust Funds,0,0,NA,NA,CONTRIBUTIONS BY EMPLOYER,CONTRIBUTIONS BY EMPLOYER,CONTRIBUTIONS BY EMPLOYER,51,.,NA,NA,NA,NA
2016,0479,589,0577,0,9999,CONTRIBUTIONS BY EMPLOYER,2037469974.12,rev ioc 16.08.04,STATE EMPLOYEES RETIREMENT SYS,STATE EMPLOYEES' RETIRE SYSTEM,NA,NA,0479,0479,0,NA,0,STATE EMPLOYEES RETIREMENT SYS,I,State Trust Funds,0,0,NA,NA,CONTRIBUTIONS BY EMPLOYER,CONTRIBUTIONS BY EMPLOYER,CONTRIBUTIONS BY EMPLOYER,51,.,NA,NA,NA,NA
2016,0481,131,0577,0,9999,CONTRIBUTIONS BY EMPLOYER,15995044.52,rev ioc 16.08.04,GENERAL ASSEMBLY RETIREMENT,GENERAL ASSEMBLY RETIRE SYS,NA,NA,0481,0481,0,NA,0,GENERAL ASSEMBLY RETIREMENT,I,State Trust Funds,0,0,NA,NA,CONTRIBUTIONS BY EMPLOYER,CONTRIBUTIONS BY EMPLOYER,CONTRIBUTIONS BY EMPLOYER,51,.,NA,NA,NA,NA
2016,0786,131,0577,0,9999,CONTRIBUTIONS BY EMPLOYER,80000,rev ioc 16.08.04,GENERAL ASSEMBLY RETIRE EXCESS,GENERAL ASSEMBLY RETIRE SYS,NA,NA,0786,0786,0,NA,0,GENERAL ASSEMBLY RETIRE EXCESS,I,State Trust Funds,0,0,NA,NA,CONTRIBUTIONS BY EMPLOYER,CONTRIBUTIONS BY EMPLOYER,CONTRIBUTIONS BY EMPLOYER,51,.,NA,NA,NA,NA
2016,0787,275,0577,0,9999,CONTRIBUTIONS BY EMPLOYER,1725000,rev ioc 16.08.04,JUDGES RETIRE EXCESS BENEFIT,JUDGES RETIREMENT SYSTEM,NA,NA,0787,0787,0,NA,0,JUDGES RETIRE EXCESS BENEFIT,I,State Trust Funds,0,0,NA,NA,CONTRIBUTIONS BY EMPLOYER,CONTRIBUTIONS BY EMPLOYER,CONTRIBUTIONS BY EMPLOYER,51,.,NA,NA,NA,NA
2016,0788,589,0577,0,9999,CONTRIBUTIONS BY EMPLOYER,558270.53,rev ioc 16.08.04,STATE EMPLOYEE EXCESS BENEFIT,STATE EMPLOYEES' RETIRE SYSTEM,NA,NA,0788,0788,0,NA,0,STATE EMPLOYEE EXCESS BENEFIT,I,State Trust Funds,0,0,NA,NA,CONTRIBUTIONS BY EMPLOYER,CONTRIBUTIONS BY EMPLOYER,CONTRIBUTIONS BY EMPLOYER,51,.,NA,NA,NA,NA
2017,0477,275,0577,0,9999,CONTRIBUTIONS BY EMPLOYER,129634000,rev ioc 17.11.29,JUDGES RETIREMENT SYSTEM,JUDGES RETIREMENT SYSTEM,NA,NA,0477,0477,0,NA,0,JUDGES RETIREMENT SYSTEM,I,State Trust Funds,0,0,NA,NA,CONTRIBUTIONS BY EMPLOYER,CONTRIBUTIONS BY EMPLOYER,CONTRIBUTIONS BY EMPLOYER,51,.,NA,NA,NA,NA
2017,0479,589,0577,0,9999,CONTRIBUTIONS BY EMPLOYER,1923076594.71,rev ioc 17.11.29,STATE EMPLOYEES RETIREMENT SYS,STATE EMPLOYEES' RETIRE SYSTEM,NA,NA,0479,0479,0,NA,0,STATE EMPLOYEES RETIREMENT SYS,I,State Trust Funds,0,0,NA,NA,CONTRIBUTIONS BY EMPLOYER,CONTRIBUTIONS BY EMPLOYER,CONTRIBUTIONS BY EMPLOYER,51,.,NA,NA,NA,NA
2017,0481,131,0577,0,9999,CONTRIBUTIONS BY EMPLOYER,21606000,rev ioc 17.11.29,GENERAL ASSEMBLY RETIREMENT,GENERAL ASSEMBLY RETIRE SYS,NA,NA,0481,0481,0,NA,0,GENERAL ASSEMBLY RETIREMENT,I,State Trust Funds,0,0,NA,NA,CONTRIBUTIONS BY EMPLOYER,CONTRIBUTIONS BY EMPLOYER,CONTRIBUTIONS BY EMPLOYER,51,.,NA,NA,NA,NA
2017,0786,131,0577,0,9999,CONTRIBUTIONS BY EMPLOYER,115000,rev ioc 17.11.29,GENERAL ASSEMBLY RETIRE EXCESS,GENERAL ASSEMBLY RETIRE SYS,NA,NA,0786,0786,0,NA,0,GENERAL ASSEMBLY RETIRE EXCESS,I,State Trust Funds,0,0,NA,NA,CONTRIBUTIONS BY EMPLOYER,CONTRIBUTIONS BY EMPLOYER,CONTRIBUTIONS BY EMPLOYER,51,.,NA,NA,NA,NA
2017,0787,275,0577,0,9999,CONTRIBUTIONS BY EMPLOYER,1700000,rev ioc 17.11.29,JUDGES RETIRE EXCESS BENEFIT,JUDGES RETIREMENT SYSTEM,NA,NA,0787,0787,0,NA,0,JUDGES RETIRE EXCESS BENEFIT,I,State Trust Funds,0,0,NA,NA,CONTRIBUTIONS BY EMPLOYER,CONTRIBUTIONS BY EMPLOYER,CONTRIBUTIONS BY EMPLOYER,51,.,NA,NA,NA,NA
2017,0788,589,0577,0,9999,CONTRIBUTIONS BY EMPLOYER,565990.79,rev ioc 17.11.29,STATE EMPLOYEE EXCESS BENEFIT,STATE EMPLOYEES' RETIRE SYSTEM,NA,NA,0788,0788,0,NA,0,STATE EMPLOYEE EXCESS BENEFIT,I,State Trust Funds,0,0,NA,NA,CONTRIBUTIONS BY EMPLOYER,CONTRIBUTIONS BY EMPLOYER,CONTRIBUTIONS BY EMPLOYER,51,.,NA,NA,NA,NA
2018,0477,275,0577,0,9999,CONTRIBUTIONS BY EMPLOYER,134232000,NA,JUDGES RETIREMENT SYSTEM,JUDGES RETIREMENT SYSTEM,NA,NA,0477,0477,0,NA,0,JUDGES RETIREMENT SYSTEM,I,State Trust Funds,0,0,NA,NA,CONTRIBUTIONS BY EMPLOYER,CONTRIBUTIONS BY EMPLOYER,CONTRIBUTIONS BY EMPLOYER,51,.,NA,NA,NA,NA
2018,0479,589,0577,0,9999,CONTRIBUTIONS BY EMPLOYER,2053931286.54,NA,STATE EMPLOYEES RETIREMENT SYS,STATE EMPLOYEES' RETIRE SYSTEM,NA,NA,0479,0479,0,NA,0,STATE EMPLOYEES RETIREMENT SYS,I,State Trust Funds,0,0,NA,NA,CONTRIBUTIONS BY EMPLOYER,CONTRIBUTIONS BY EMPLOYER,CONTRIBUTIONS BY EMPLOYER,51,.,NA,NA,NA,NA
2018,0481,131,0577,0,9999,CONTRIBUTIONS BY EMPLOYER,21095500,NA,GENERAL ASSEMBLY RETIREMENT,GENERAL ASSEMBLY RETIRE SYS,NA,NA,0481,0481,0,NA,0,GENERAL ASSEMBLY RETIREMENT,I,State Trust Funds,0,0,NA,NA,CONTRIBUTIONS BY EMPLOYER,CONTRIBUTIONS BY EMPLOYER,CONTRIBUTIONS BY EMPLOYER,51,.,NA,NA,NA,NA
2018,0786,131,0577,0,9999,CONTRIBUTIONS BY EMPLOYER,59500,NA,GENERAL ASSEMBLY RETIRE EXCESS,GENERAL ASSEMBLY RETIRE SYS,NA,NA,0786,0786,0,NA,0,GENERAL ASSEMBLY RETIRE EXCESS,I,State Trust Funds,0,0,NA,NA,CONTRIBUTIONS BY EMPLOYER,CONTRIBUTIONS BY EMPLOYER,CONTRIBUTIONS BY EMPLOYER,51,.,NA,NA,NA,NA
2018,0787,275,0577,0,9999,CONTRIBUTIONS BY EMPLOYER,1730000,NA,JUDGES RETIRE EXCESS BENEFIT,JUDGES RETIREMENT SYSTEM,NA,NA,0787,0787,0,NA,0,JUDGES RETIRE EXCESS BENEFIT,I,State Trust Funds,0,0,NA,NA,CONTRIBUTIONS BY EMPLOYER,CONTRIBUTIONS BY EMPLOYER,CONTRIBUTIONS BY EMPLOYER,51,.,NA,NA,NA,NA
2018,0788,589,0577,0,9999,CONTRIBUTIONS BY EMPLOYER,533446.93,NA,STATE EMPLOYEE EXCESS BENEFIT,STATE EMPLOYEES' RETIRE SYSTEM,NA,NA,0788,0788,0,NA,0,STATE EMPLOYEE EXCESS BENEFIT,I,State Trust Funds,0,0,NA,NA,CONTRIBUTIONS BY EMPLOYER,CONTRIBUTIONS BY EMPLOYER,CONTRIBUTIONS BY EMPLOYER,51,.,NA,NA,NA,NA
2019,0001,589,0577,0,9999,CONTRIBUTIONS BY EMPLOYER,55311495.99,rev ioc 12.11.2019,GENERAL REVENUE,STATE EMPLOYEES' RETIRE SYSTEM,NA,NA,0001,0001,0,NA,1,GENERAL REVENUE,A,General Funds,1,1,NA,NA,CONTRIBUTIONS BY EMPLOYER,CONTRIBUTIONS BY EMPLOYER,CONTRIBUTIONS BY EMPLOYER,51,.,NA,NA,NA,NA
2019,0477,275,0577,0,9999,CONTRIBUTIONS BY EMPLOYER,138668962.24,rev ioc 12.11.2019,JUDGES RETIREMENT SYSTEM,JUDGES RETIREMENT SYSTEM,NA,NA,0477,0477,0,NA,0,JUDGES RETIREMENT SYSTEM,I,State Trust Funds,0,0,NA,NA,CONTRIBUTIONS BY EMPLOYER,CONTRIBUTIONS BY EMPLOYER,CONTRIBUTIONS BY EMPLOYER,51,.,NA,NA,NA,NA
2019,0479,589,0577,0,9999,CONTRIBUTIONS BY EMPLOYER,2165834178.26,rev ioc 12.11.2019,STATE EMPLOYEES RETIREMENT SYS,STATE EMPLOYEES' RETIRE SYSTEM,NA,NA,0479,0479,0,NA,0,STATE EMPLOYEES RETIREMENT SYS,I,State Trust Funds,0,0,NA,NA,CONTRIBUTIONS BY EMPLOYER,CONTRIBUTIONS BY EMPLOYER,CONTRIBUTIONS BY EMPLOYER,51,.,NA,NA,NA,NA
2019,0481,131,0577,0,9999,CONTRIBUTIONS BY EMPLOYER,23168425.6,rev ioc 12.11.2019,GENERAL ASSEMBLY RETIREMENT,GENERAL ASSEMBLY RETIRE SYS,NA,NA,0481,0481,0,NA,0,GENERAL ASSEMBLY RETIREMENT,I,State Trust Funds,0,0,NA,NA,CONTRIBUTIONS BY EMPLOYER,CONTRIBUTIONS BY EMPLOYER,CONTRIBUTIONS BY EMPLOYER,51,.,NA,NA,NA,NA
2019,0786,131,0577,0,9999,CONTRIBUTIONS BY EMPLOYER,85000,rev ioc 12.11.2019,GENERAL ASSEMBLY RETIRE EXCESS,GENERAL ASSEMBLY RETIRE SYS,NA,NA,0786,0786,0,NA,0,GENERAL ASSEMBLY RETIRE EXCESS,I,State Trust Funds,0,0,NA,NA,CONTRIBUTIONS BY EMPLOYER,CONTRIBUTIONS BY EMPLOYER,CONTRIBUTIONS BY EMPLOYER,51,.,NA,NA,NA,NA
2019,0787,275,0577,0,9999,CONTRIBUTIONS BY EMPLOYER,1850000,rev ioc 12.11.2019,JUDGES RETIRE EXCESS BENEFIT,JUDGES RETIREMENT SYSTEM,NA,NA,0787,0787,0,NA,0,JUDGES RETIRE EXCESS BENEFIT,I,State Trust Funds,0,0,NA,NA,CONTRIBUTIONS BY EMPLOYER,CONTRIBUTIONS BY EMPLOYER,CONTRIBUTIONS BY EMPLOYER,51,.,NA,NA,NA,NA
2019,0788,589,0577,0,9999,CONTRIBUTIONS BY EMPLOYER,437335.6,rev ioc 12.11.2019,STATE EMPLOYEE EXCESS BENEFIT,STATE EMPLOYEES' RETIRE SYSTEM,NA,NA,0788,0788,0,NA,0,STATE EMPLOYEE EXCESS BENEFIT,I,State Trust Funds,0,0,NA,NA,CONTRIBUTIONS BY EMPLOYER,CONTRIBUTIONS BY EMPLOYER,CONTRIBUTIONS BY EMPLOYER,51,.,NA,NA,NA,NA
2020,0477,275,0577,0,9999,CONTRIBUTIONS BY EMPLOYER,142030000,rev ioc 03.11.2020,JUDGES RETIREMENT SYSTEM,JUDGES RETIREMENT SYSTEM,NA,NA,0477,0477,0,NA,0,JUDGES RETIREMENT SYSTEM,I,State Trust Funds,0,0,NA,NA,CONTRIBUTIONS BY EMPLOYER,CONTRIBUTIONS BY EMPLOYER,CONTRIBUTIONS BY EMPLOYER,51,.,NA,NA,NA,NA
2020,0479,589,0577,0,9999,CONTRIBUTIONS BY EMPLOYER,2469131963.99,rev ioc 03.11.2020,STATE EMPLOYEES RETIREMENT SYS,STATE EMPLOYEES' RETIRE SYSTEM,NA,NA,0479,0479,0,NA,0,STATE EMPLOYEES RETIREMENT SYS,I,State Trust Funds,0,0,NA,NA,CONTRIBUTIONS BY EMPLOYER,CONTRIBUTIONS BY EMPLOYER,CONTRIBUTIONS BY EMPLOYER,51,.,NA,NA,NA,NA
2020,0481,131,0577,0,9999,CONTRIBUTIONS BY EMPLOYER,25644000,rev ioc 03.11.2020,GENERAL ASSEMBLY RETIREMENT,GENERAL ASSEMBLY RETIRE SYS,NA,NA,0481,0481,0,NA,0,GENERAL ASSEMBLY RETIREMENT,I,State Trust Funds,0,0,NA,NA,CONTRIBUTIONS BY EMPLOYER,CONTRIBUTIONS BY EMPLOYER,CONTRIBUTIONS BY EMPLOYER,51,.,NA,NA,NA,NA
2020,0786,131,0577,0,9999,CONTRIBUTIONS BY EMPLOYER,110000,rev ioc 03.11.2020,GENERAL ASSEMBLY RETIRE EXCESS,GENERAL ASSEMBLY RETIRE SYS,NA,NA,0786,0786,0,NA,0,GENERAL ASSEMBLY RETIRE EXCESS,I,State Trust Funds,0,0,NA,NA,CONTRIBUTIONS BY EMPLOYER,CONTRIBUTIONS BY EMPLOYER,CONTRIBUTIONS BY EMPLOYER,51,.,NA,NA,NA,NA
2020,0787,275,0577,0,9999,CONTRIBUTIONS BY EMPLOYER,2130000,rev ioc 03.11.2020,JUDGES RETIRE EXCESS BENEFIT,JUDGES RETIREMENT SYSTEM,NA,NA,0787,0787,0,NA,0,JUDGES RETIRE EXCESS BENEFIT,I,State Trust Funds,0,0,NA,NA,CONTRIBUTIONS BY EMPLOYER,CONTRIBUTIONS BY EMPLOYER,CONTRIBUTIONS BY EMPLOYER,51,.,NA,NA,NA,NA
2020,0788,589,0577,0,9999,CONTRIBUTIONS BY EMPLOYER,698652.7,rev ioc 03.11.2020,STATE EMPLOYEE EXCESS BENEFIT,STATE EMPLOYEES' RETIRE SYSTEM,NA,NA,0788,0788,0,NA,0,STATE EMPLOYEE EXCESS BENEFIT,I,State Trust Funds,0,0,NA,NA,CONTRIBUTIONS BY EMPLOYER,CONTRIBUTIONS BY EMPLOYER,CONTRIBUTIONS BY EMPLOYER,51,.,NA,NA,NA,NA
2021,0477,275,0577,NA,NA,CONTRIBUTIONS BY EMPLOYER,146424590.52,NA,JUDGES RETIREMENT SYSTEM,JUDGES RETIREMENT SYSTEM,I,STATE TRUST FUNDS,0477,0477,0,NA,0,JUDGES RETIREMENT SYSTEM,I,State Trust Funds,0,0,NA,NA,CONTRIBUTIONS BY EMPLOYER,CONTRIBUTIONS BY EMPLOYER,CONTRIBUTIONS BY EMPLOYER,51,.,NA,NA,NA,NA
2021,0479,589,0577,NA,NA,CONTRIBUTIONS BY EMPLOYER,2480114032.35,NA,STATE EMPLOYEES RETIREMENT SYS,STATE EMPLOYEES' RETIRE SYSTEM,I,STATE TRUST FUNDS,0479,0479,0,NA,0,STATE EMPLOYEES RETIREMENT SYS,I,State Trust Funds,0,0,NA,NA,CONTRIBUTIONS BY EMPLOYER,CONTRIBUTIONS BY EMPLOYER,CONTRIBUTIONS BY EMPLOYER,51,.,NA,NA,NA,NA
2021,0481,131,0577,NA,NA,CONTRIBUTIONS BY EMPLOYER,27259000,NA,GENERAL ASSEMBLY RETIREMENT,GENERAL ASSEMBLY RETIRE SYS,I,STATE TRUST FUNDS,0481,0481,0,NA,0,GENERAL ASSEMBLY RETIREMENT,I,State Trust Funds,0,0,NA,NA,CONTRIBUTIONS BY EMPLOYER,CONTRIBUTIONS BY EMPLOYER,CONTRIBUTIONS BY EMPLOYER,51,.,NA,NA,NA,NA
2021,0786,131,0577,NA,NA,CONTRIBUTIONS BY EMPLOYER,40000,NA,GENERAL ASSEMBLY RETIRE EXCESS,GENERAL ASSEMBLY RETIRE SYS,I,STATE TRUST FUNDS,0786,0786,0,NA,0,GENERAL ASSEMBLY RETIRE EXCESS,I,State Trust Funds,0,0,NA,NA,CONTRIBUTIONS BY EMPLOYER,CONTRIBUTIONS BY EMPLOYER,CONTRIBUTIONS BY EMPLOYER,51,.,NA,NA,NA,NA
2021,0787,275,0577,NA,NA,CONTRIBUTIONS BY EMPLOYER,2200000,NA,JUDGES RETIRE EXCESS BENEFIT,JUDGES RETIREMENT SYSTEM,I,STATE TRUST FUNDS,0787,0787,0,NA,0,JUDGES RETIRE EXCESS BENEFIT,I,State Trust Funds,0,0,NA,NA,CONTRIBUTIONS BY EMPLOYER,CONTRIBUTIONS BY EMPLOYER,CONTRIBUTIONS BY EMPLOYER,51,.,NA,NA,NA,NA
2021,0788,589,0577,NA,NA,CONTRIBUTIONS BY EMPLOYER,338734.01,NA,STATE EMPLOYEE EXCESS BENEFIT,STATE EMPLOYEES' RETIRE SYSTEM,I,STATE TRUST FUNDS,0788,0788,0,NA,0,STATE EMPLOYEE EXCESS BENEFIT,I,State Trust Funds,0,0,NA,NA,CONTRIBUTIONS BY EMPLOYER,CONTRIBUTIONS BY EMPLOYER,CONTRIBUTIONS BY EMPLOYER,51,.,NA,NA,NA,NA
2022,0477,275,0577,NA,9999,CONTRIBUTIONS BY EMPLOYER,153593000,rev_ioc_22.08.01,JUDGES RETIREMENT SYSTEM,JUDGES RETIREMENT SYSTEM,NA,NA,0477,0477,0,NA,0,JUDGES RETIREMENT SYSTEM,I,State Trust Funds,0,0,NA,NA,CONTRIBUTIONS BY EMPLOYER,CONTRIBUTIONS BY EMPLOYER,CONTRIBUTIONS BY EMPLOYER,51,.,NA,NA,NA,NA
2022,0479,589,0577,NA,9999,CONTRIBUTIONS BY EMPLOYER,2783169689.73,rev_ioc_22.08.01,STATE EMPLOYEES RETIREMENT SYS,STATE EMPLOYEES' RETIRE SYSTEM,NA,NA,0479,0479,0,NA,0,STATE EMPLOYEES RETIREMENT SYS,I,State Trust Funds,0,0,NA,NA,CONTRIBUTIONS BY EMPLOYER,CONTRIBUTIONS BY EMPLOYER,CONTRIBUTIONS BY EMPLOYER,51,.,NA,NA,NA,NA
2022,0481,131,0577,NA,9999,CONTRIBUTIONS BY EMPLOYER,28428400,rev_ioc_22.08.01,GENERAL ASSEMBLY RETIREMENT,GENERAL ASSEMBLY RETIRE SYS,NA,NA,0481,0481,0,NA,0,GENERAL ASSEMBLY RETIREMENT,I,State Trust Funds,0,0,NA,NA,CONTRIBUTIONS BY EMPLOYER,CONTRIBUTIONS BY EMPLOYER,CONTRIBUTIONS BY EMPLOYER,51,.,NA,NA,NA,NA
2022,0786,131,0577,NA,9999,CONTRIBUTIONS BY EMPLOYER,72000,rev_ioc_22.08.01,GENERAL ASSEMBLY RETIRE EXCESS,GENERAL ASSEMBLY RETIRE SYS,NA,NA,0786,0786,0,NA,0,GENERAL ASSEMBLY RETIRE EXCESS,I,State Trust Funds,0,0,NA,NA,CONTRIBUTIONS BY EMPLOYER,CONTRIBUTIONS BY EMPLOYER,CONTRIBUTIONS BY EMPLOYER,51,.,NA,NA,NA,NA
2022,0787,275,0577,NA,9999,CONTRIBUTIONS BY EMPLOYER,2400000,rev_ioc_22.08.01,JUDGES RETIRE EXCESS BENEFIT,JUDGES RETIREMENT SYSTEM,NA,NA,0787,0787,0,NA,0,JUDGES RETIRE EXCESS BENEFIT,I,State Trust Funds,0,0,NA,NA,CONTRIBUTIONS BY EMPLOYER,CONTRIBUTIONS BY EMPLOYER,CONTRIBUTIONS BY EMPLOYER,51,.,NA,NA,NA,NA
2022,0788,589,0577,NA,9999,CONTRIBUTIONS BY EMPLOYER,553861.46,rev_ioc_22.08.01,STATE EMPLOYEE EXCESS BENEFIT,STATE EMPLOYEES' RETIRE SYSTEM,NA,NA,0788,0788,0,NA,0,STATE EMPLOYEE EXCESS BENEFIT,I,State Trust Funds,0,0,NA,NA,CONTRIBUTIONS BY EMPLOYER,CONTRIBUTIONS BY EMPLOYER,CONTRIBUTIONS BY EMPLOYER,51,.,NA,NA,NA,NA
2005,0101,370,1982,1,0479,STATE EMPLOY RETIREMENT SYSTEM,117516992.53,rev IOC 13.08.02,NA,NA,NA,NA,0101,0101,0,NA,1,GENERAL OBLIGATION BR&I,F,Debt Service Funds,1,1,NA,NA,STATE EMPLOY RETIREMENT SYSTEM,STATE EMPLOY RETIREMENT SYSTEM,STATE EMPLOY RETIREMENT SYSTEM,75,.,NA,NA,NA,NA
2006,0101,370,1982,1,0479,STATE EMPLOY RETIREMENT SYSTEM,78271455.9,rev IOC 13.08.02,NA,NA,NA,NA,0101,0101,0,NA,1,GENERAL OBLIGATION BR&I,F,Debt Service Funds,1,1,NA,NA,STATE EMPLOY RETIREMENT SYSTEM,STATE EMPLOY RETIREMENT SYSTEM,STATE EMPLOY RETIREMENT SYSTEM,75,.,NA,NA,NA,NA
2007,0101,370,1982,0,9999,STATE EMPLOY RETIREMENT SYSTEM,72488117.62,rev IOC 13.08.02,NA,NA,NA,NA,0101,0101,0,NA,1,GENERAL OBLIGATION BR&I,F,Debt Service Funds,1,1,NA,NA,STATE EMPLOY RETIREMENT SYSTEM,STATE EMPLOY RETIREMENT SYSTEM,STATE EMPLOY RETIREMENT SYSTEM,75,.,NA,NA,NA,NA
2008,0101,370,1982,0,9999,STATE EMPLOY RETIREMENT SYSTEM,79536241.58,rev IOC 13.08.02,NA,NA,NA,NA,0101,0101,0,NA,1,GENERAL OBLIGATION BR&I,F,Debt Service Funds,1,1,NA,NA,STATE EMPLOY RETIREMENT SYSTEM,STATE EMPLOY RETIREMENT SYSTEM,STATE EMPLOY RETIREMENT SYSTEM,75,.,NA,NA,NA,NA
2009,0101,370,1982,0,9999,STATE EMPLOY RETIREMENT SYSTEM,78366991.09,rev IOC 13.08.02,NA,NA,NA,NA,0101,0101,0,NA,1,GENERAL OBLIGATION BR&I,F,Debt Service Funds,1,1,NA,NA,STATE EMPLOY RETIREMENT SYSTEM,STATE EMPLOY RETIREMENT SYSTEM,STATE EMPLOY RETIREMENT SYSTEM,75,.,NA,NA,NA,NA
2010,0101,370,1982,0,9999,STATE EMPLOY RETIREMENT SYSTEM,32334954.28,rev IOC 13.08.02,NA,NA,NA,NA,0101,0101,0,NA,1,GENERAL OBLIGATION BR&I,F,Debt Service Funds,1,1,NA,NA,STATE EMPLOY RETIREMENT SYSTEM,STATE EMPLOY RETIREMENT SYSTEM,STATE EMPLOY RETIREMENT SYSTEM,75,.,NA,NA,NA,NA
2011,0101,370,1982,0,9999,STATE EMPLOY RETIREMENT SYSTEM,25851137.46,rev IOC 13.08.02,NA,NA,NA,NA,0101,0101,0,NA,1,GENERAL OBLIGATION BR&I,F,Debt Service Funds,1,1,NA,NA,STATE EMPLOY RETIREMENT SYSTEM,STATE EMPLOY RETIREMENT SYSTEM,STATE EMPLOY RETIREMENT SYSTEM,75,.,NA,NA,NA,NA
2012,0101,370,1982,0,9999,STATE EMPLOY RETIREMENT SYSTEM,28310065.58,rev IOC 13.08.02,NA,NA,NA,NA,0101,0101,0,NA,1,GENERAL OBLIGATION BR&I,F,Debt Service Funds,1,1,NA,NA,STATE EMPLOY RETIREMENT SYSTEM,STATE EMPLOY RETIREMENT SYSTEM,STATE EMPLOY RETIREMENT SYSTEM,75,.,NA,NA,NA,NA
2013,0101,370,1982,0,9999,STATE EMPLOY RETIREMENT SYSTEM,27838848.29,rev IOC 13.08.02,NA,NA,NA,NA,0101,0101,0,NA,1,GENERAL OBLIGATION BR&I,F,Debt Service Funds,1,1,NA,NA,STATE EMPLOY RETIREMENT SYSTEM,STATE EMPLOY RETIREMENT SYSTEM,STATE EMPLOY RETIREMENT SYSTEM,75,.,NA,NA,NA,NA
2014,0101,370,1982,0,9999,STATE EMPLOY RETIREMENT SYSTEM,29574820.21,rev IOC 15.09.28,GENERAL OBLIGATION BR&I,TREASURER,NA,NA,0101,0101,0,NA,1,GENERAL OBLIGATION BR&I,F,Debt Service Funds,1,1,NA,NA,STATE EMPLOY RETIREMENT SYSTEM,STATE EMPLOY RETIREMENT SYSTEM,STATE EMPLOY RETIREMENT SYSTEM,75,.,NA,NA,NA,NA
2015,0101,370,1982,0,9999,STATE EMPLOY RETIREMENT SYSTEM,28880831.81,rev ioc 16.01.07,GENERAL OBLIGATION BR&I,TREASURER,NA,NA,0101,0101,0,NA,1,GENERAL OBLIGATION BR&I,F,Debt Service Funds,1,1,NA,NA,STATE EMPLOY RETIREMENT SYSTEM,STATE EMPLOY RETIREMENT SYSTEM,STATE EMPLOY RETIREMENT SYSTEM,75,.,NA,NA,NA,NA
2016,0101,370,1982,0,9999,STATE EMPLOY RETIREMENT SYSTEM,25624319.55,rev ioc 16.08.04,GENERAL OBLIGATION BR&I,TREASURER,NA,NA,0101,0101,0,NA,1,GENERAL OBLIGATION BR&I,F,Debt Service Funds,1,1,NA,NA,STATE EMPLOY RETIREMENT SYSTEM,STATE EMPLOY RETIREMENT SYSTEM,STATE EMPLOY RETIREMENT SYSTEM,75,.,NA,NA,NA,NA
2017,0101,370,1982,0,9999,STATE EMPLOY RETIREMENT SYSTEM,24182471.64,rev ioc 17.11.29,GENERAL OBLIGATION BR&I,TREASURER,NA,NA,0101,0101,0,NA,1,GENERAL OBLIGATION BR&I,F,Debt Service Funds,1,1,NA,NA,STATE EMPLOY RETIREMENT SYSTEM,STATE EMPLOY RETIREMENT SYSTEM,STATE EMPLOY RETIREMENT SYSTEM,75,.,NA,NA,NA,NA
2018,0101,370,1982,0,9999,STATE EMPLOY RETIREMENT SYSTEM,27545259.94,NA,GENERAL OBLIGATION BR&I,TREASURER,NA,NA,0101,0101,0,NA,1,GENERAL OBLIGATION BR&I,F,Debt Service Funds,1,1,NA,NA,STATE EMPLOY RETIREMENT SYSTEM,STATE EMPLOY RETIREMENT SYSTEM,STATE EMPLOY RETIREMENT SYSTEM,75,.,NA,NA,NA,NA
2019,0101,370,1982,0,9999,STATE EMPLOY RETIREMENT SYSTEM,29448081.87,rev ioc 12.11.2019,GENERAL OBLIGATION BR&I,TREASURER,NA,NA,0101,0101,0,NA,1,GENERAL OBLIGATION BR&I,F,Debt Service Funds,1,1,NA,NA,STATE EMPLOY RETIREMENT SYSTEM,STATE EMPLOY RETIREMENT SYSTEM,STATE EMPLOY RETIREMENT SYSTEM,75,.,NA,NA,NA,NA
2020,0101,370,1982,0,9999,STATE EMPLOY RETIREMENT SYSTEM,32286325.61,rev ioc 03.11.2020,GENERAL OBLIGATION BR&I,TREASURER,NA,NA,0101,0101,0,NA,1,GENERAL OBLIGATION BR&I,F,Debt Service Funds,1,1,NA,NA,STATE EMPLOY RETIREMENT SYSTEM,STATE EMPLOY RETIREMENT SYSTEM,STATE EMPLOY RETIREMENT SYSTEM,75,.,NA,NA,NA,NA
2021,0101,370,1982,NA,NA,STATE EMPLOY RETIREMENT SYSTEM,35423572.92,NA,GENERAL OBLIGATION BR&I,TREASURER,F,DEBT SERVICE FUNDS,0101,0101,0,NA,1,GENERAL OBLIGATION BR&I,F,Debt Service Funds,1,1,NA,NA,STATE EMPLOY RETIREMENT SYSTEM,STATE EMPLOY RETIREMENT SYSTEM,STATE EMPLOY RETIREMENT SYSTEM,75,.,NA,NA,NA,NA
2022,0101,370,1982,NA,9999,STATE EMPLOY RETIREMENT SYSTEM,35764951.58,rev_ioc_22.08.01,GENERAL OBLIGATION BR&I,TREASURER,NA,NA,0101,0101,0,NA,1,GENERAL OBLIGATION BR&I,F,Debt Service Funds,1,1,NA,NA,STATE EMPLOY RETIREMENT SYSTEM,STATE EMPLOY RETIREMENT SYSTEM,STATE EMPLOY RETIREMENT SYSTEM,75,.,NA,NA,NA,NA
